[{
  "_id": {
    "$oid": "643889742803eb7e4892afcd"
  },
  "actor_id": 1,
  "first_name": "PENELOPE",
  "last_name": "GUINESS",
  "last_update": {
    "$date": "2006-02-15T04:34:33.000Z"
  },
  "films": [
    1,
    23,
    25,
    106,
    140,
    166,
    277,
    361,
    438,
    499,
    506,
    509,
    605,
    635,
    749,
    832,
    939,
    970,
    980
  ]
},{
  "_id": {
    "$oid": "643889742803eb7e4892afce"
  },
  "actor_id": 2,
  "first_name": "NICK",
  "last_name": "WAHLBERG",
  "last_update": {
    "$date": "2006-02-15T04:34:33.000Z"
  },
  "films": [
    3,
    31,
    47,
    105,
    132,
    145,
    226,
    249,
    314,
    321,
    357,
    369,
    399,
    458,
    481,
    485,
    518,
    540,
    550,
    555,
    561,
    742,
    754,
    811,
    958
  ]
},{
  "_id": {
    "$oid": "643889742803eb7e4892afcf"
  },
  "actor_id": 3,
  "first_name": "ED",
  "last_name": "CHASE",
  "last_update": {
    "$date": "2006-02-15T04:34:33.000Z"
  },
  "films": [
    17,
    40,
    42,
    87,
    111,
    185,
    289,
    329,
    336,
    341,
    393,
    441,
    453,
    480,
    539,
    618,
    685,
    827,
    966,
    967,
    971,
    996
  ]
},{
  "_id": {
    "$oid": "643889742803eb7e4892afd0"
  },
  "actor_id": 4,
  "first_name": "JENNIFER",
  "last_name": "DAVIS",
  "last_update": {
    "$date": "2006-02-15T04:34:33.000Z"
  },
  "films": [
    23,
    25,
    56,
    62,
    79,
    87,
    355,
    379,
    398,
    463,
    490,
    616,
    635,
    691,
    712,
    714,
    721,
    798,
    832,
    858,
    909,
    924
  ]
},{
  "_id": {
    "$oid": "643889742803eb7e4892afd1"
  },
  "actor_id": 5,
  "first_name": "JOHNNY",
  "last_name": "LOLLOBRIGIDA",
  "last_update": {
    "$date": "2006-02-15T04:34:33.000Z"
  },
  "films": [
    19,
    54,
    85,
    146,
    171,
    172,
    202,
    203,
    286,
    288,
    316,
    340,
    369,
    375,
    383,
    392,
    411,
    503,
    535,
    571,
    650,
    665,
    687,
    730,
    732,
    811,
    817,
    841,
    865
  ]
},{
  "_id": {
    "$oid": "643889742803eb7e4892afd2"
  },
  "actor_id": 6,
  "first_name": "BETTE",
  "last_name": "NICHOLSON",
  "last_update": {
    "$date": "2006-02-15T04:34:33.000Z"
  },
  "films": [
    29,
    53,
    60,
    70,
    112,
    164,
    165,
    193,
    256,
    451,
    503,
    509,
    517,
    519,
    605,
    692,
    826,
    892,
    902,
    994
  ]
},{
  "_id": {
    "$oid": "643889742803eb7e4892afd3"
  },
  "actor_id": 7,
  "first_name": "GRACE",
  "last_name": "MOSTEL",
  "last_update": {
    "$date": "2006-02-15T04:34:33.000Z"
  },
  "films": [
    25,
    27,
    35,
    67,
    96,
    170,
    173,
    217,
    218,
    225,
    292,
    351,
    414,
    463,
    554,
    618,
    633,
    637,
    691,
    758,
    766,
    770,
    805,
    806,
    846,
    900,
    901,
    910,
    957,
    959
  ]
},{
  "_id": {
    "$oid": "643889742803eb7e4892afd4"
  },
  "actor_id": 8,
  "first_name": "MATTHEW",
  "last_name": "JOHANSSON",
  "last_update": {
    "$date": "2006-02-15T04:34:33.000Z"
  },
  "films": [
    47,
    115,
    158,
    179,
    195,
    205,
    255,
    263,
    321,
    396,
    458,
    523,
    532,
    554,
    752,
    769,
    771,
    859,
    895,
    936
  ]
},{
  "_id": {
    "$oid": "643889742803eb7e4892afd5"
  },
  "actor_id": 9,
  "first_name": "JOE",
  "last_name": "SWANK",
  "last_update": {
    "$date": "2006-02-15T04:34:33.000Z"
  },
  "films": [
    30,
    74,
    147,
    148,
    191,
    200,
    204,
    434,
    510,
    514,
    552,
    650,
    671,
    697,
    722,
    752,
    811,
    815,
    865,
    873,
    889,
    903,
    926,
    964,
    974
  ]
},{
  "_id": {
    "$oid": "643889742803eb7e4892afd6"
  },
  "actor_id": 10,
  "first_name": "CHRISTIAN",
  "last_name": "GABLE",
  "last_update": {
    "$date": "2006-02-15T04:34:33.000Z"
  },
  "films": [
    1,
    9,
    191,
    236,
    251,
    366,
    477,
    480,
    522,
    530,
    587,
    694,
    703,
    716,
    782,
    914,
    929,
    930,
    964,
    966,
    980,
    983
  ]
},{
  "_id": {
    "$oid": "643889742803eb7e4892afd7"
  },
  "actor_id": 11,
  "first_name": "ZERO",
  "last_name": "CAGE",
  "last_update": {
    "$date": "2006-02-15T04:34:33.000Z"
  },
  "films": [
    118,
    205,
    281,
    283,
    348,
    364,
    395,
    429,
    433,
    453,
    485,
    532,
    567,
    587,
    597,
    636,
    709,
    850,
    854,
    888,
    896,
    928,
    938,
    969,
    988
  ]
},{
  "_id": {
    "$oid": "643889742803eb7e4892afd8"
  },
  "actor_id": 12,
  "first_name": "KARL",
  "last_name": "BERRY",
  "last_update": {
    "$date": "2006-02-15T04:34:33.000Z"
  },
  "films": [
    16,
    17,
    34,
    37,
    91,
    92,
    107,
    155,
    177,
    208,
    213,
    216,
    243,
    344,
    400,
    416,
    420,
    457,
    513,
    540,
    593,
    631,
    635,
    672,
    716,
    728,
    812,
    838,
    871,
    880,
    945
  ]
},{
  "_id": {
    "$oid": "643889742803eb7e4892afd9"
  },
  "actor_id": 13,
  "first_name": "UMA",
  "last_name": "WOOD",
  "last_update": {
    "$date": "2006-02-15T04:34:33.000Z"
  },
  "films": [
    17,
    29,
    45,
    87,
    110,
    144,
    154,
    162,
    203,
    254,
    337,
    346,
    381,
    385,
    427,
    456,
    513,
    515,
    522,
    524,
    528,
    571,
    588,
    597,
    600,
    718,
    729,
    816,
    817,
    832,
    833,
    843,
    897,
    966,
    998
  ]
},{
  "_id": {
    "$oid": "643889742803eb7e4892afda"
  },
  "actor_id": 14,
  "first_name": "VIVIEN",
  "last_name": "BERGEN",
  "last_update": {
    "$date": "2006-02-15T04:34:33.000Z"
  },
  "films": [
    154,
    187,
    232,
    241,
    253,
    255,
    258,
    284,
    292,
    370,
    415,
    417,
    418,
    454,
    472,
    475,
    495,
    536,
    537,
    612,
    688,
    759,
    764,
    847,
    856,
    890,
    908,
    919,
    948,
    970
  ]
},{
  "_id": {
    "$oid": "643889742803eb7e4892afdb"
  },
  "actor_id": 15,
  "first_name": "CUBA",
  "last_name": "OLIVIER",
  "last_update": {
    "$date": "2006-02-15T04:34:33.000Z"
  },
  "films": [
    31,
    89,
    91,
    108,
    125,
    236,
    275,
    280,
    326,
    342,
    414,
    445,
    500,
    502,
    541,
    553,
    594,
    626,
    635,
    745,
    783,
    795,
    817,
    886,
    924,
    949,
    968,
    985
  ]
},{
  "_id": {
    "$oid": "643889742803eb7e4892afdc"
  },
  "actor_id": 16,
  "first_name": "FRED",
  "last_name": "COSTNER",
  "last_update": {
    "$date": "2006-02-15T04:34:33.000Z"
  },
  "films": [
    80,
    87,
    101,
    121,
    155,
    177,
    218,
    221,
    267,
    269,
    271,
    280,
    287,
    345,
    438,
    453,
    455,
    456,
    503,
    548,
    582,
    583,
    717,
    758,
    779,
    886,
    967
  ]
},{
  "_id": {
    "$oid": "643889742803eb7e4892afdd"
  },
  "actor_id": 17,
  "first_name": "HELEN",
  "last_name": "VOIGHT",
  "last_update": {
    "$date": "2006-02-15T04:34:33.000Z"
  },
  "films": [
    96,
    119,
    124,
    127,
    154,
    199,
    201,
    236,
    280,
    310,
    313,
    378,
    457,
    469,
    478,
    500,
    515,
    521,
    573,
    603,
    606,
    734,
    770,
    794,
    800,
    853,
    873,
    874,
    880,
    948,
    957,
    959
  ]
},{
  "_id": {
    "$oid": "643889742803eb7e4892afde"
  },
  "actor_id": 18,
  "first_name": "DAN",
  "last_name": "TORN",
  "last_update": {
    "$date": "2006-02-15T04:34:33.000Z"
  },
  "films": [
    44,
    84,
    144,
    172,
    268,
    279,
    280,
    321,
    386,
    460,
    462,
    484,
    536,
    561,
    612,
    717,
    808,
    842,
    863,
    883,
    917,
    944
  ]
},{
  "_id": {
    "$oid": "643889742803eb7e4892afdf"
  },
  "actor_id": 19,
  "first_name": "BOB",
  "last_name": "FAWCETT",
  "last_update": {
    "$date": "2006-02-15T04:34:33.000Z"
  },
  "films": [
    2,
    3,
    144,
    152,
    182,
    208,
    212,
    217,
    266,
    404,
    428,
    473,
    490,
    510,
    513,
    644,
    670,
    673,
    711,
    750,
    752,
    756,
    771,
    785,
    877
  ]
},{
  "_id": {
    "$oid": "643889742803eb7e4892afe0"
  },
  "actor_id": 20,
  "first_name": "LUCILLE",
  "last_name": "TRACY",
  "last_update": {
    "$date": "2006-02-15T04:34:33.000Z"
  },
  "films": [
    1,
    54,
    63,
    140,
    146,
    165,
    231,
    243,
    269,
    274,
    348,
    366,
    445,
    478,
    492,
    499,
    527,
    531,
    538,
    589,
    643,
    652,
    663,
    714,
    717,
    757,
    784,
    863,
    962,
    977
  ]
},{
  "_id": {
    "$oid": "643889742803eb7e4892afe1"
  },
  "actor_id": 21,
  "first_name": "KIRSTEN",
  "last_name": "PALTROW",
  "last_update": {
    "$date": "2006-02-15T04:34:33.000Z"
  },
  "films": [
    6,
    87,
    88,
    142,
    159,
    179,
    253,
    281,
    321,
    398,
    426,
    429,
    497,
    507,
    530,
    680,
    686,
    700,
    702,
    733,
    734,
    798,
    804,
    887,
    893,
    920,
    983
  ]
},{
  "_id": {
    "$oid": "643889742803eb7e4892afe2"
  },
  "actor_id": 22,
  "first_name": "ELVIS",
  "last_name": "MARX",
  "last_update": {
    "$date": "2006-02-15T04:34:33.000Z"
  },
  "films": [
    9,
    23,
    56,
    89,
    111,
    146,
    291,
    294,
    349,
    369,
    418,
    430,
    483,
    491,
    495,
    536,
    600,
    634,
    648,
    688,
    731,
    742,
    775,
    802,
    912,
    964
  ]
},{
  "_id": {
    "$oid": "643889742803eb7e4892afe3"
  },
  "actor_id": 23,
  "first_name": "SANDRA",
  "last_name": "KILMER",
  "last_update": {
    "$date": "2006-02-15T04:34:33.000Z"
  },
  "films": [
    6,
    42,
    78,
    105,
    116,
    117,
    125,
    212,
    226,
    235,
    254,
    367,
    370,
    414,
    419,
    435,
    449,
    491,
    536,
    549,
    636,
    649,
    673,
    691,
    766,
    782,
    804,
    820,
    826,
    833,
    842,
    853,
    855,
    856,
    935,
    981,
    997
  ]
},{
  "_id": {
    "$oid": "643889742803eb7e4892afe4"
  },
  "actor_id": 24,
  "first_name": "CAMERON",
  "last_name": "STREEP",
  "last_update": {
    "$date": "2006-02-15T04:34:33.000Z"
  },
  "films": [
    3,
    83,
    112,
    126,
    148,
    164,
    178,
    194,
    199,
    242,
    256,
    277,
    335,
    405,
    463,
    515,
    585,
    603,
    653,
    704,
    781,
    829,
    832,
    969
  ]
},{
  "_id": {
    "$oid": "643889742803eb7e4892afe5"
  },
  "actor_id": 25,
  "first_name": "KEVIN",
  "last_name": "BLOOM",
  "last_update": {
    "$date": "2006-02-15T04:34:33.000Z"
  },
  "films": [
    21,
    86,
    153,
    179,
    204,
    213,
    226,
    245,
    311,
    404,
    411,
    420,
    538,
    564,
    583,
    606,
    688,
    697,
    755,
    871,
    914
  ]
},{
  "_id": {
    "$oid": "643889742803eb7e4892afe6"
  },
  "actor_id": 26,
  "first_name": "RIP",
  "last_name": "CRAWFORD",
  "last_update": {
    "$date": "2006-02-15T04:34:33.000Z"
  },
  "films": [
    9,
    21,
    34,
    90,
    93,
    103,
    147,
    186,
    201,
    225,
    241,
    327,
    329,
    340,
    345,
    390,
    392,
    529,
    544,
    564,
    635,
    644,
    682,
    688,
    715,
    732,
    758,
    764,
    795,
    821,
    885,
    904,
    906
  ]
},{
  "_id": {
    "$oid": "643889742803eb7e4892afe7"
  },
  "actor_id": 27,
  "first_name": "JULIA",
  "last_name": "MCQUEEN",
  "last_update": {
    "$date": "2006-02-15T04:34:33.000Z"
  },
  "films": [
    19,
    34,
    85,
    150,
    172,
    273,
    334,
    347,
    359,
    398,
    415,
    462,
    477,
    500,
    503,
    540,
    586,
    593,
    637,
    679,
    682,
    695,
    771,
    805,
    830,
    854,
    873,
    880,
    889,
    904,
    967,
    986,
    996
  ]
},{
  "_id": {
    "$oid": "643889742803eb7e4892afe8"
  },
  "actor_id": 28,
  "first_name": "WOODY",
  "last_name": "HOFFMAN",
  "last_update": {
    "$date": "2006-02-15T04:34:33.000Z"
  },
  "films": [
    14,
    43,
    58,
    74,
    96,
    107,
    259,
    263,
    287,
    358,
    502,
    508,
    532,
    551,
    574,
    597,
    619,
    625,
    652,
    679,
    743,
    790,
    793,
    816,
    827,
    835,
    879,
    908,
    953,
    973,
    994
  ]
},{
  "_id": {
    "$oid": "643889742803eb7e4892afe9"
  },
  "actor_id": 29,
  "first_name": "ALEC",
  "last_name": "WAYNE",
  "last_update": {
    "$date": "2006-02-15T04:34:33.000Z"
  },
  "films": [
    10,
    79,
    105,
    110,
    131,
    133,
    172,
    226,
    273,
    282,
    296,
    311,
    335,
    342,
    436,
    444,
    449,
    462,
    482,
    488,
    519,
    547,
    590,
    646,
    723,
    812,
    862,
    928,
    944
  ]
},{
  "_id": {
    "$oid": "643889742803eb7e4892afea"
  },
  "actor_id": 30,
  "first_name": "SANDRA",
  "last_name": "PECK",
  "last_update": {
    "$date": "2006-02-15T04:34:33.000Z"
  },
  "films": [
    1,
    53,
    64,
    69,
    77,
    87,
    260,
    262,
    286,
    292,
    301,
    318,
    321,
    357,
    565,
    732,
    797,
    838,
    945
  ]
},{
  "_id": {
    "$oid": "643889742803eb7e4892afeb"
  },
  "actor_id": 31,
  "first_name": "SISSY",
  "last_name": "SOBIESKI",
  "last_update": {
    "$date": "2006-02-15T04:34:33.000Z"
  },
  "films": [
    88,
    146,
    163,
    164,
    188,
    299,
    308,
    368,
    380,
    431,
    585,
    637,
    700,
    739,
    793,
    802,
    880,
    978
  ]
},{
  "_id": {
    "$oid": "643889742803eb7e4892afec"
  },
  "actor_id": 32,
  "first_name": "TIM",
  "last_name": "HACKMAN",
  "last_update": {
    "$date": "2006-02-15T04:34:33.000Z"
  },
  "films": [
    65,
    84,
    103,
    112,
    136,
    197,
    199,
    219,
    309,
    312,
    401,
    427,
    431,
    523,
    567,
    585,
    606,
    651,
    667,
    669,
    815,
    928,
    980
  ]
},{
  "_id": {
    "$oid": "643889742803eb7e4892afed"
  },
  "actor_id": 33,
  "first_name": "MILLA",
  "last_name": "PECK",
  "last_update": {
    "$date": "2006-02-15T04:34:33.000Z"
  },
  "films": [
    56,
    112,
    135,
    154,
    214,
    252,
    305,
    306,
    473,
    489,
    574,
    618,
    667,
    694,
    712,
    735,
    737,
    754,
    775,
    878,
    881,
    965,
    972,
    993
  ]
},{
  "_id": {
    "$oid": "643889742803eb7e4892afee"
  },
  "actor_id": 34,
  "first_name": "AUDREY",
  "last_name": "OLIVIER",
  "last_update": {
    "$date": "2006-02-15T04:34:33.000Z"
  },
  "films": [
    43,
    90,
    119,
    125,
    172,
    182,
    244,
    336,
    389,
    393,
    438,
    493,
    502,
    525,
    668,
    720,
    779,
    788,
    794,
    836,
    846,
    853,
    929,
    950,
    971
  ]
},{
  "_id": {
    "$oid": "643889742803eb7e4892afef"
  },
  "actor_id": 35,
  "first_name": "JUDY",
  "last_name": "DEAN",
  "last_update": {
    "$date": "2006-02-15T04:34:33.000Z"
  },
  "films": [
    10,
    35,
    52,
    201,
    256,
    389,
    589,
    612,
    615,
    707,
    732,
    738,
    748,
    817,
    914
  ]
},{
  "_id": {
    "$oid": "643889742803eb7e4892aff0"
  },
  "actor_id": 36,
  "first_name": "BURT",
  "last_name": "DUKAKIS",
  "last_update": {
    "$date": "2006-02-15T04:34:33.000Z"
  },
  "films": [
    15,
    81,
    171,
    231,
    245,
    283,
    380,
    381,
    387,
    390,
    410,
    426,
    427,
    453,
    466,
    484,
    493,
    499,
    569,
    590,
    600,
    714,
    715,
    716,
    731,
    875,
    915,
    931,
    956
  ]
},{
  "_id": {
    "$oid": "643889742803eb7e4892aff1"
  },
  "actor_id": 37,
  "first_name": "VAL",
  "last_name": "BOLGER",
  "last_update": {
    "$date": "2006-02-15T04:34:33.000Z"
  },
  "films": [
    10,
    12,
    19,
    118,
    119,
    122,
    146,
    204,
    253,
    260,
    277,
    317,
    467,
    477,
    485,
    508,
    529,
    553,
    555,
    572,
    588,
    662,
    663,
    694,
    697,
    785,
    839,
    840,
    853,
    900,
    925,
    963,
    966,
    989,
    997
  ]
},{
  "_id": {
    "$oid": "643889742803eb7e4892aff2"
  },
  "actor_id": 38,
  "first_name": "TOM",
  "last_name": "MCKELLEN",
  "last_update": {
    "$date": "2006-02-15T04:34:33.000Z"
  },
  "films": [
    24,
    111,
    160,
    176,
    223,
    241,
    274,
    335,
    338,
    353,
    448,
    450,
    458,
    501,
    516,
    547,
    583,
    618,
    619,
    705,
    793,
    827,
    839,
    853,
    876
  ]
},{
  "_id": {
    "$oid": "643889742803eb7e4892aff3"
  },
  "actor_id": 39,
  "first_name": "GOLDIE",
  "last_name": "BRODY",
  "last_update": {
    "$date": "2006-02-15T04:34:33.000Z"
  },
  "films": [
    71,
    73,
    168,
    203,
    222,
    290,
    293,
    320,
    415,
    425,
    431,
    456,
    476,
    559,
    587,
    598,
    606,
    648,
    683,
    689,
    696,
    700,
    703,
    736,
    772,
    815,
    831,
    920
  ]
},{
  "_id": {
    "$oid": "643889742803eb7e4892aff4"
  },
  "actor_id": 40,
  "first_name": "JOHNNY",
  "last_name": "CAGE",
  "last_update": {
    "$date": "2006-02-15T04:34:33.000Z"
  },
  "films": [
    1,
    11,
    34,
    107,
    128,
    163,
    177,
    223,
    233,
    326,
    374,
    394,
    396,
    463,
    466,
    494,
    521,
    723,
    737,
    744,
    747,
    754,
    799,
    835,
    868,
    869,
    887,
    933,
    938
  ]
},{
  "_id": {
    "$oid": "643889742803eb7e4892aff5"
  },
  "actor_id": 41,
  "first_name": "JODIE",
  "last_name": "DEGENERES",
  "last_update": {
    "$date": "2006-02-15T04:34:33.000Z"
  },
  "films": [
    4,
    60,
    69,
    86,
    100,
    150,
    159,
    194,
    203,
    212,
    230,
    249,
    252,
    305,
    336,
    383,
    544,
    596,
    657,
    674,
    678,
    721,
    724,
    779,
    784,
    799,
    894,
    912,
    942
  ]
},{
  "_id": {
    "$oid": "643889742803eb7e4892aff6"
  },
  "actor_id": 42,
  "first_name": "TOM",
  "last_name": "MIRANDA",
  "last_update": {
    "$date": "2006-02-15T04:34:33.000Z"
  },
  "films": [
    24,
    139,
    309,
    320,
    333,
    500,
    502,
    505,
    527,
    535,
    546,
    568,
    648,
    665,
    673,
    687,
    713,
    738,
    798,
    861,
    865,
    867,
    876,
    890,
    907,
    922,
    932
  ]
},{
  "_id": {
    "$oid": "643889742803eb7e4892aff7"
  },
  "actor_id": 43,
  "first_name": "KIRK",
  "last_name": "JOVOVICH",
  "last_update": {
    "$date": "2006-02-15T04:34:33.000Z"
  },
  "films": [
    19,
    42,
    56,
    89,
    105,
    147,
    161,
    180,
    239,
    276,
    330,
    344,
    359,
    377,
    410,
    462,
    533,
    598,
    605,
    608,
    621,
    753,
    827,
    833,
    917,
    958
  ]
},{
  "_id": {
    "$oid": "643889742803eb7e4892aff8"
  },
  "actor_id": 44,
  "first_name": "NICK",
  "last_name": "STALLONE",
  "last_update": {
    "$date": "2006-02-15T04:34:33.000Z"
  },
  "films": [
    58,
    84,
    88,
    94,
    109,
    176,
    242,
    273,
    322,
    420,
    434,
    490,
    591,
    598,
    604,
    699,
    751,
    784,
    825,
    854,
    875,
    878,
    883,
    896,
    902,
    937,
    944,
    952,
    982,
    998
  ]
},{
  "_id": {
    "$oid": "643889742803eb7e4892aff9"
  },
  "actor_id": 45,
  "first_name": "REESE",
  "last_name": "KILMER",
  "last_update": {
    "$date": "2006-02-15T04:34:33.000Z"
  },
  "films": [
    18,
    65,
    66,
    115,
    117,
    164,
    187,
    198,
    219,
    330,
    407,
    416,
    463,
    467,
    484,
    502,
    503,
    508,
    537,
    680,
    714,
    767,
    778,
    797,
    810,
    895,
    900,
    901,
    920,
    925,
    975,
    978
  ]
},{
  "_id": {
    "$oid": "643889742803eb7e4892affa"
  },
  "actor_id": 46,
  "first_name": "PARKER",
  "last_name": "GOLDBERG",
  "last_update": {
    "$date": "2006-02-15T04:34:33.000Z"
  },
  "films": [
    38,
    51,
    174,
    254,
    296,
    319,
    407,
    448,
    456,
    463,
    478,
    538,
    540,
    567,
    731,
    766,
    768,
    820,
    829,
    830,
    836,
    889,
    980,
    991
  ]
},{
  "_id": {
    "$oid": "643889742803eb7e4892affb"
  },
  "actor_id": 47,
  "first_name": "JULIA",
  "last_name": "BARRYMORE",
  "last_update": {
    "$date": "2006-02-15T04:34:33.000Z"
  },
  "films": [
    25,
    36,
    53,
    67,
    172,
    233,
    273,
    351,
    385,
    484,
    508,
    576,
    670,
    734,
    737,
    770,
    777,
    787,
    790,
    913,
    923,
    924,
    944,
    973
  ]
},{
  "_id": {
    "$oid": "643889742803eb7e4892affc"
  },
  "actor_id": 48,
  "first_name": "FRANCES",
  "last_name": "DAY-LEWIS",
  "last_update": {
    "$date": "2006-02-15T04:34:33.000Z"
  },
  "films": [
    99,
    101,
    134,
    150,
    164,
    211,
    245,
    267,
    287,
    295,
    312,
    315,
    345,
    349,
    428,
    506,
    545,
    559,
    570,
    599,
    645,
    705,
    757,
    792,
    922,
    926
  ]
},{
  "_id": {
    "$oid": "643889742803eb7e4892affd"
  },
  "actor_id": 49,
  "first_name": "ANNE",
  "last_name": "CRONYN",
  "last_update": {
    "$date": "2006-02-15T04:34:33.000Z"
  },
  "films": [
    31,
    151,
    195,
    207,
    250,
    282,
    348,
    391,
    400,
    407,
    423,
    433,
    469,
    506,
    542,
    558,
    579,
    595,
    662,
    709,
    716,
    725,
    729,
    811,
    927,
    977,
    980
  ]
},{
  "_id": {
    "$oid": "643889742803eb7e4892affe"
  },
  "actor_id": 50,
  "first_name": "NATALIE",
  "last_name": "HOPKINS",
  "last_update": {
    "$date": "2006-02-15T04:34:33.000Z"
  },
  "films": [
    111,
    178,
    243,
    248,
    274,
    288,
    303,
    306,
    327,
    372,
    401,
    417,
    420,
    437,
    476,
    504,
    520,
    552,
    591,
    621,
    632,
    645,
    672,
    717,
    732,
    795,
    829,
    840,
    897,
    918,
    924,
    957
  ]
},{
  "_id": {
    "$oid": "643889742803eb7e4892afff"
  },
  "actor_id": 51,
  "first_name": "GARY",
  "last_name": "PHOENIX",
  "last_update": {
    "$date": "2006-02-15T04:34:33.000Z"
  },
  "films": [
    5,
    63,
    103,
    112,
    121,
    153,
    395,
    408,
    420,
    461,
    490,
    525,
    627,
    678,
    733,
    734,
    737,
    750,
    847,
    891,
    895,
    940,
    974,
    990,
    993
  ]
},{
  "_id": {
    "$oid": "643889742803eb7e4892b000"
  },
  "actor_id": 52,
  "first_name": "CARMEN",
  "last_name": "HUNT",
  "last_update": {
    "$date": "2006-02-15T04:34:33.000Z"
  },
  "films": [
    20,
    92,
    96,
    108,
    203,
    249,
    341,
    376,
    388,
    407,
    424,
    474,
    515,
    517,
    584,
    596,
    664,
    675,
    689,
    714,
    812,
    878,
    879,
    915,
    951,
    999
  ]
},{
  "_id": {
    "$oid": "643889742803eb7e4892b001"
  },
  "actor_id": 53,
  "first_name": "MENA",
  "last_name": "TEMPLE",
  "last_update": {
    "$date": "2006-02-15T04:34:33.000Z"
  },
  "films": [
    1,
    9,
    51,
    58,
    109,
    122,
    126,
    181,
    256,
    268,
    285,
    307,
    358,
    386,
    447,
    465,
    490,
    492,
    508,
    518,
    573,
    576,
    577,
    697,
    725,
    727,
    937,
    947,
    961,
    980
  ]
},{
  "_id": {
    "$oid": "643889742803eb7e4892b002"
  },
  "actor_id": 54,
  "first_name": "PENELOPE",
  "last_name": "PINKETT",
  "last_update": {
    "$date": "2006-02-15T04:34:33.000Z"
  },
  "films": [
    84,
    129,
    150,
    184,
    285,
    292,
    301,
    348,
    489,
    510,
    524,
    546,
    600,
    636,
    649,
    658,
    754,
    764,
    842,
    858,
    861,
    913,
    970,
    988,
    990
  ]
},{
  "_id": {
    "$oid": "643889742803eb7e4892b003"
  },
  "actor_id": 55,
  "first_name": "FAY",
  "last_name": "KILMER",
  "last_update": {
    "$date": "2006-02-15T04:34:33.000Z"
  },
  "films": [
    8,
    27,
    75,
    197,
    307,
    320,
    340,
    403,
    485,
    486,
    603,
    612,
    620,
    709,
    776,
    790,
    815,
    827,
    930,
    963
  ]
},{
  "_id": {
    "$oid": "643889742803eb7e4892b004"
  },
  "actor_id": 56,
  "first_name": "DAN",
  "last_name": "HARRIS",
  "last_update": {
    "$date": "2006-02-15T04:34:33.000Z"
  },
  "films": [
    63,
    87,
    226,
    236,
    298,
    307,
    354,
    383,
    417,
    421,
    457,
    462,
    474,
    521,
    593,
    728,
    750,
    769,
    781,
    795,
    844,
    851,
    862,
    868,
    892,
    893,
    936,
    965
  ]
},{
  "_id": {
    "$oid": "643889742803eb7e4892b005"
  },
  "actor_id": 57,
  "first_name": "JUDE",
  "last_name": "CRUISE",
  "last_update": {
    "$date": "2006-02-15T04:34:33.000Z"
  },
  "films": [
    16,
    34,
    101,
    114,
    122,
    134,
    144,
    153,
    192,
    213,
    258,
    267,
    317,
    340,
    393,
    437,
    447,
    502,
    592,
    605,
    637,
    685,
    707,
    714,
    717,
    737,
    767,
    852,
    891,
    918
  ]
},{
  "_id": {
    "$oid": "643889742803eb7e4892b006"
  },
  "actor_id": 58,
  "first_name": "CHRISTIAN",
  "last_name": "AKROYD",
  "last_update": {
    "$date": "2006-02-15T04:34:33.000Z"
  },
  "films": [
    48,
    68,
    119,
    128,
    135,
    175,
    199,
    235,
    242,
    243,
    254,
    306,
    316,
    417,
    426,
    460,
    477,
    541,
    549,
    551,
    553,
    578,
    602,
    632,
    635,
    638,
    698,
    726,
    755,
    800,
    856,
    858
  ]
},{
  "_id": {
    "$oid": "643889742803eb7e4892b007"
  },
  "actor_id": 59,
  "first_name": "DUSTIN",
  "last_name": "TAUTOU",
  "last_update": {
    "$date": "2006-02-15T04:34:33.000Z"
  },
  "films": [
    5,
    46,
    54,
    72,
    88,
    121,
    129,
    130,
    183,
    210,
    241,
    295,
    418,
    572,
    644,
    650,
    689,
    694,
    702,
    713,
    749,
    772,
    853,
    862,
    943,
    946,
    984
  ]
},{
  "_id": {
    "$oid": "643889742803eb7e4892b008"
  },
  "actor_id": 60,
  "first_name": "HENRY",
  "last_name": "BERRY",
  "last_update": {
    "$date": "2006-02-15T04:34:33.000Z"
  },
  "films": [
    31,
    85,
    133,
    142,
    177,
    179,
    186,
    222,
    235,
    239,
    253,
    262,
    297,
    299,
    334,
    376,
    423,
    436,
    493,
    534,
    551,
    658,
    665,
    679,
    754,
    771,
    783,
    784,
    805,
    830,
    835,
    928,
    952,
    971,
    986
  ]
},{
  "_id": {
    "$oid": "643889742803eb7e4892b009"
  },
  "actor_id": 61,
  "first_name": "CHRISTIAN",
  "last_name": "NEESON",
  "last_update": {
    "$date": "2006-02-15T04:34:33.000Z"
  },
  "films": [
    235,
    237,
    307,
    362,
    372,
    374,
    423,
    433,
    508,
    518,
    519,
    535,
    537,
    585,
    639,
    648,
    649,
    703,
    752,
    766,
    767,
    780,
    831,
    832,
    990
  ]
},{
  "_id": {
    "$oid": "643889742803eb7e4892b00a"
  },
  "actor_id": 62,
  "first_name": "JAYNE",
  "last_name": "NEESON",
  "last_update": {
    "$date": "2006-02-15T04:34:33.000Z"
  },
  "films": [
    6,
    42,
    54,
    100,
    101,
    129,
    198,
    211,
    231,
    272,
    295,
    337,
    375,
    385,
    393,
    398,
    406,
    413,
    428,
    445,
    457,
    465,
    688,
    707,
    719,
    951,
    981,
    988,
    990
  ]
},{
  "_id": {
    "$oid": "643889742803eb7e4892b00b"
  },
  "actor_id": 63,
  "first_name": "CAMERON",
  "last_name": "WRAY",
  "last_update": {
    "$date": "2006-02-15T04:34:33.000Z"
  },
  "films": [
    73,
    134,
    167,
    208,
    225,
    248,
    249,
    278,
    392,
    517,
    633,
    763,
    781,
    809,
    893,
    932,
    944,
    945,
    981
  ]
},{
  "_id": {
    "$oid": "643889742803eb7e4892b00c"
  },
  "actor_id": 64,
  "first_name": "RAY",
  "last_name": "JOHANSSON",
  "last_update": {
    "$date": "2006-02-15T04:34:33.000Z"
  },
  "films": [
    3,
    10,
    37,
    87,
    88,
    124,
    197,
    280,
    291,
    307,
    335,
    345,
    448,
    469,
    471,
    506,
    543,
    557,
    569,
    572,
    597,
    616,
    646,
    694,
    832,
    852,
    860,
    921,
    925,
    980
  ]
},{
  "_id": {
    "$oid": "643889742803eb7e4892b00d"
  },
  "actor_id": 65,
  "first_name": "ANGELA",
  "last_name": "HUDSON",
  "last_update": {
    "$date": "2006-02-15T04:34:33.000Z"
  },
  "films": [
    39,
    46,
    97,
    106,
    117,
    125,
    158,
    276,
    305,
    338,
    347,
    371,
    398,
    471,
    475,
    476,
    491,
    496,
    516,
    517,
    541,
    556,
    571,
    577,
    615,
    658,
    683,
    694,
    714,
    735,
    852,
    938,
    951,
    965
  ]
},{
  "_id": {
    "$oid": "643889742803eb7e4892b00e"
  },
  "actor_id": 66,
  "first_name": "MARY",
  "last_name": "TANDY",
  "last_update": {
    "$date": "2006-02-15T04:34:33.000Z"
  },
  "films": [
    55,
    143,
    207,
    226,
    229,
    230,
    283,
    300,
    342,
    350,
    361,
    376,
    424,
    434,
    553,
    608,
    676,
    697,
    706,
    725,
    769,
    793,
    829,
    871,
    909,
    915,
    928,
    951,
    957,
    960,
    999
  ]
},{
  "_id": {
    "$oid": "643889742803eb7e4892b00f"
  },
  "actor_id": 67,
  "first_name": "JESSICA",
  "last_name": "BAILEY",
  "last_update": {
    "$date": "2006-02-15T04:34:33.000Z"
  },
  "films": [
    24,
    57,
    67,
    144,
    242,
    244,
    256,
    408,
    477,
    496,
    512,
    576,
    601,
    725,
    726,
    731,
    766,
    861,
    870,
    915,
    945,
    972,
    981
  ]
},{
  "_id": {
    "$oid": "643889742803eb7e4892b010"
  },
  "actor_id": 68,
  "first_name": "RIP",
  "last_name": "WINSLET",
  "last_update": {
    "$date": "2006-02-15T04:34:33.000Z"
  },
  "films": [
    9,
    45,
    133,
    161,
    205,
    213,
    215,
    255,
    296,
    315,
    325,
    331,
    347,
    357,
    378,
    380,
    386,
    396,
    435,
    497,
    607,
    654,
    665,
    671,
    706,
    747,
    834,
    839,
    840,
    971
  ]
},{
  "_id": {
    "$oid": "643889742803eb7e4892b011"
  },
  "actor_id": 69,
  "first_name": "KENNETH",
  "last_name": "PALTROW",
  "last_update": {
    "$date": "2006-02-15T04:34:33.000Z"
  },
  "films": [
    15,
    88,
    111,
    202,
    236,
    292,
    300,
    306,
    374,
    396,
    452,
    466,
    529,
    612,
    720,
    722,
    761,
    791,
    864,
    877,
    914
  ]
},{
  "_id": {
    "$oid": "643889742803eb7e4892b012"
  },
  "actor_id": 70,
  "first_name": "MICHELLE",
  "last_name": "MCCONAUGHEY",
  "last_update": {
    "$date": "2006-02-15T04:34:33.000Z"
  },
  "films": [
    50,
    53,
    92,
    202,
    227,
    249,
    290,
    304,
    343,
    414,
    453,
    466,
    504,
    584,
    628,
    654,
    725,
    823,
    834,
    856,
    869,
    953,
    964
  ]
},{
  "_id": {
    "$oid": "643889742803eb7e4892b013"
  },
  "actor_id": 71,
  "first_name": "ADAM",
  "last_name": "GRANT",
  "last_update": {
    "$date": "2006-02-15T04:34:33.000Z"
  },
  "films": [
    26,
    52,
    233,
    317,
    359,
    362,
    385,
    399,
    450,
    532,
    560,
    574,
    638,
    773,
    833,
    874,
    918,
    956
  ]
},{
  "_id": {
    "$oid": "643889742803eb7e4892b014"
  },
  "actor_id": 72,
  "first_name": "SEAN",
  "last_name": "WILLIAMS",
  "last_update": {
    "$date": "2006-02-15T04:34:33.000Z"
  },
  "films": [
    34,
    144,
    237,
    249,
    286,
    296,
    325,
    331,
    405,
    450,
    550,
    609,
    623,
    636,
    640,
    665,
    718,
    743,
    757,
    773,
    854,
    865,
    938,
    956,
    964,
    969
  ]
},{
  "_id": {
    "$oid": "643889742803eb7e4892b015"
  },
  "actor_id": 73,
  "first_name": "GARY",
  "last_name": "PENN",
  "last_update": {
    "$date": "2006-02-15T04:34:33.000Z"
  },
  "films": [
    36,
    45,
    51,
    77,
    148,
    245,
    275,
    322,
    374,
    379,
    467,
    548,
    561,
    562,
    565,
    627,
    666,
    667,
    707,
    748,
    772,
    823,
    936,
    946,
    950,
    998
  ]
},{
  "_id": {
    "$oid": "643889742803eb7e4892b016"
  },
  "actor_id": 74,
  "first_name": "MILLA",
  "last_name": "KEITEL",
  "last_update": {
    "$date": "2006-02-15T04:34:33.000Z"
  },
  "films": [
    28,
    44,
    117,
    185,
    192,
    203,
    263,
    321,
    415,
    484,
    503,
    537,
    543,
    617,
    626,
    637,
    663,
    704,
    720,
    747,
    780,
    804,
    834,
    836,
    848,
    872,
    902,
    956
  ]
},{
  "_id": {
    "$oid": "643889742803eb7e4892b017"
  },
  "actor_id": 75,
  "first_name": "BURT",
  "last_name": "POSEY",
  "last_update": {
    "$date": "2006-02-15T04:34:33.000Z"
  },
  "films": [
    12,
    34,
    143,
    170,
    222,
    301,
    347,
    372,
    436,
    445,
    446,
    492,
    498,
    508,
    541,
    547,
    579,
    645,
    667,
    744,
    764,
    780,
    870,
    920
  ]
},{
  "_id": {
    "$oid": "643889742803eb7e4892b018"
  },
  "actor_id": 76,
  "first_name": "ANGELINA",
  "last_name": "ASTAIRE",
  "last_update": {
    "$date": "2006-02-15T04:34:33.000Z"
  },
  "films": [
    60,
    66,
    68,
    95,
    122,
    187,
    223,
    234,
    251,
    348,
    444,
    464,
    474,
    498,
    568,
    604,
    606,
    642,
    648,
    650,
    709,
    760,
    765,
    781,
    850,
    862,
    866,
    870,
    912,
    935,
    958
  ]
},{
  "_id": {
    "$oid": "643889742803eb7e4892b019"
  },
  "actor_id": 77,
  "first_name": "CARY",
  "last_name": "MCCONAUGHEY",
  "last_update": {
    "$date": "2006-02-15T04:34:33.000Z"
  },
  "films": [
    13,
    22,
    40,
    73,
    78,
    153,
    224,
    240,
    245,
    261,
    343,
    442,
    458,
    538,
    566,
    612,
    635,
    694,
    749,
    938,
    943,
    963,
    969,
    993
  ]
},{
  "_id": {
    "$oid": "643889742803eb7e4892b01a"
  },
  "actor_id": 78,
  "first_name": "GROUCHO",
  "last_name": "SINATRA",
  "last_update": {
    "$date": "2006-02-15T04:34:33.000Z"
  },
  "films": [
    86,
    239,
    260,
    261,
    265,
    301,
    387,
    393,
    428,
    457,
    505,
    520,
    530,
    549,
    552,
    599,
    670,
    674,
    689,
    762,
    767,
    811,
    852,
    880,
    963,
    968
  ]
},{
  "_id": {
    "$oid": "643889742803eb7e4892b01b"
  },
  "actor_id": 79,
  "first_name": "MAE",
  "last_name": "HOFFMAN",
  "last_update": {
    "$date": "2006-02-15T04:34:33.000Z"
  },
  "films": [
    32,
    33,
    40,
    141,
    205,
    230,
    242,
    262,
    267,
    269,
    299,
    367,
    428,
    430,
    473,
    607,
    628,
    634,
    646,
    727,
    750,
    753,
    769,
    776,
    788,
    840,
    853,
    916
  ]
},{
  "_id": {
    "$oid": "643889742803eb7e4892b01c"
  },
  "actor_id": 80,
  "first_name": "RALPH",
  "last_name": "CRUZ",
  "last_update": {
    "$date": "2006-02-15T04:34:33.000Z"
  },
  "films": [
    69,
    118,
    124,
    175,
    207,
    212,
    260,
    262,
    280,
    341,
    342,
    343,
    362,
    436,
    475,
    553,
    619,
    622,
    680,
    687,
    688,
    709,
    788,
    807,
    858,
    888,
    941,
    979
  ]
},{
  "_id": {
    "$oid": "643889742803eb7e4892b01d"
  },
  "actor_id": 81,
  "first_name": "SCARLETT",
  "last_name": "DAMON",
  "last_update": {
    "$date": "2006-02-15T04:34:33.000Z"
  },
  "films": [
    4,
    11,
    59,
    89,
    178,
    186,
    194,
    215,
    219,
    232,
    260,
    267,
    268,
    304,
    332,
    389,
    398,
    453,
    458,
    465,
    505,
    508,
    527,
    545,
    564,
    578,
    579,
    613,
    619,
    643,
    692,
    710,
    729,
    761,
    827,
    910
  ]
},{
  "_id": {
    "$oid": "643889742803eb7e4892b01e"
  },
  "actor_id": 82,
  "first_name": "WOODY",
  "last_name": "JOLIE",
  "last_update": {
    "$date": "2006-02-15T04:34:33.000Z"
  },
  "films": [
    17,
    33,
    104,
    143,
    188,
    242,
    247,
    290,
    306,
    316,
    344,
    453,
    468,
    480,
    497,
    503,
    527,
    551,
    561,
    750,
    787,
    802,
    838,
    839,
    870,
    877,
    893,
    911,
    954,
    978,
    985
  ]
},{
  "_id": {
    "$oid": "643889742803eb7e4892b01f"
  },
  "actor_id": 83,
  "first_name": "BEN",
  "last_name": "WILLIS",
  "last_update": {
    "$date": "2006-02-15T04:34:33.000Z"
  },
  "films": [
    49,
    52,
    58,
    110,
    120,
    121,
    135,
    165,
    217,
    247,
    249,
    263,
    268,
    279,
    281,
    339,
    340,
    369,
    412,
    519,
    529,
    615,
    631,
    655,
    672,
    686,
    719,
    764,
    777,
    784,
    833,
    873,
    932
  ]
},{
  "_id": {
    "$oid": "643889742803eb7e4892b020"
  },
  "actor_id": 84,
  "first_name": "JAMES",
  "last_name": "PITT",
  "last_update": {
    "$date": "2006-02-15T04:34:33.000Z"
  },
  "films": [
    19,
    39,
    46,
    175,
    238,
    281,
    290,
    312,
    317,
    413,
    414,
    460,
    479,
    491,
    529,
    540,
    566,
    574,
    589,
    616,
    646,
    703,
    729,
    764,
    782,
    809,
    830,
    843,
    887,
    975,
    996
  ]
},{
  "_id": {
    "$oid": "643889742803eb7e4892b021"
  },
  "actor_id": 85,
  "first_name": "MINNIE",
  "last_name": "ZELLWEGER",
  "last_update": {
    "$date": "2006-02-15T04:34:33.000Z"
  },
  "films": [
    2,
    14,
    72,
    85,
    92,
    148,
    216,
    290,
    296,
    297,
    337,
    383,
    421,
    446,
    461,
    475,
    478,
    522,
    543,
    558,
    591,
    630,
    678,
    711,
    761,
    812,
    869,
    875,
    895,
    957,
    960
  ]
},{
  "_id": {
    "$oid": "643889742803eb7e4892b022"
  },
  "actor_id": 86,
  "first_name": "GREG",
  "last_name": "CHAPLIN",
  "last_update": {
    "$date": "2006-02-15T04:34:33.000Z"
  },
  "films": [
    137,
    163,
    196,
    216,
    249,
    303,
    331,
    364,
    391,
    432,
    482,
    486,
    519,
    520,
    548,
    623,
    631,
    636,
    752,
    760,
    808,
    857,
    878,
    893,
    905,
    923,
    929
  ]
},{
  "_id": {
    "$oid": "643889742803eb7e4892b023"
  },
  "actor_id": 87,
  "first_name": "SPENCER",
  "last_name": "PECK",
  "last_update": {
    "$date": "2006-02-15T04:34:33.000Z"
  },
  "films": [
    48,
    157,
    161,
    199,
    207,
    250,
    253,
    312,
    421,
    570,
    599,
    606,
    654,
    679,
    706,
    718,
    721,
    830,
    870,
    952,
    961
  ]
},{
  "_id": {
    "$oid": "643889742803eb7e4892b024"
  },
  "actor_id": 88,
  "first_name": "KENNETH",
  "last_name": "PESCI",
  "last_update": {
    "$date": "2006-02-15T04:34:33.000Z"
  },
  "films": [
    4,
    76,
    87,
    128,
    170,
    193,
    234,
    304,
    602,
    620,
    668,
    717,
    785,
    819,
    839,
    881,
    908,
    929,
    940,
    968
  ]
},{
  "_id": {
    "$oid": "643889742803eb7e4892b025"
  },
  "actor_id": 89,
  "first_name": "CHARLIZE",
  "last_name": "DENCH",
  "last_update": {
    "$date": "2006-02-15T04:34:33.000Z"
  },
  "films": [
    47,
    103,
    117,
    162,
    182,
    187,
    212,
    254,
    266,
    306,
    342,
    406,
    410,
    446,
    473,
    488,
    529,
    542,
    564,
    697,
    833,
    864,
    970,
    976
  ]
},{
  "_id": {
    "$oid": "643889742803eb7e4892b026"
  },
  "actor_id": 90,
  "first_name": "SEAN",
  "last_name": "GUINESS",
  "last_update": {
    "$date": "2006-02-15T04:34:33.000Z"
  },
  "films": [
    2,
    11,
    100,
    197,
    212,
    262,
    303,
    330,
    363,
    374,
    384,
    385,
    391,
    406,
    433,
    442,
    451,
    520,
    529,
    542,
    586,
    633,
    663,
    676,
    771,
    817,
    838,
    855,
    858,
    868,
    880,
    901,
    925
  ]
},{
  "_id": {
    "$oid": "643889742803eb7e4892b027"
  },
  "actor_id": 91,
  "first_name": "CHRISTOPHER",
  "last_name": "BERRY",
  "last_update": {
    "$date": "2006-02-15T04:34:33.000Z"
  },
  "films": [
    13,
    25,
    48,
    176,
    181,
    190,
    335,
    416,
    447,
    480,
    493,
    509,
    511,
    608,
    807,
    829,
    849,
    859,
    941,
    982
  ]
},{
  "_id": {
    "$oid": "643889742803eb7e4892b028"
  },
  "actor_id": 92,
  "first_name": "KIRSTEN",
  "last_name": "AKROYD",
  "last_update": {
    "$date": "2006-02-15T04:34:33.000Z"
  },
  "films": [
    90,
    94,
    103,
    104,
    123,
    137,
    207,
    229,
    338,
    381,
    436,
    443,
    453,
    470,
    505,
    512,
    543,
    545,
    547,
    553,
    564,
    568,
    618,
    662,
    686,
    699,
    712,
    728,
    802,
    825,
    838,
    889,
    929,
    991
  ]
},{
  "_id": {
    "$oid": "643889742803eb7e4892b029"
  },
  "actor_id": 93,
  "first_name": "ELLEN",
  "last_name": "PRESLEY",
  "last_update": {
    "$date": "2006-02-15T04:34:33.000Z"
  },
  "films": [
    71,
    120,
    124,
    280,
    325,
    339,
    427,
    445,
    453,
    473,
    573,
    621,
    644,
    678,
    680,
    699,
    744,
    768,
    777,
    835,
    856,
    874,
    909,
    916,
    982
  ]
},{
  "_id": {
    "$oid": "643889742803eb7e4892b02a"
  },
  "actor_id": 94,
  "first_name": "KENNETH",
  "last_name": "TORN",
  "last_update": {
    "$date": "2006-02-15T04:34:33.000Z"
  },
  "films": [
    13,
    60,
    76,
    122,
    153,
    193,
    206,
    228,
    270,
    275,
    320,
    322,
    337,
    354,
    402,
    428,
    457,
    473,
    475,
    512,
    517,
    521,
    533,
    540,
    548,
    551,
    712,
    713,
    724,
    775,
    788,
    950,
    989
  ]
},{
  "_id": {
    "$oid": "643889742803eb7e4892b02b"
  },
  "actor_id": 95,
  "first_name": "DARYL",
  "last_name": "WAHLBERG",
  "last_update": {
    "$date": "2006-02-15T04:34:33.000Z"
  },
  "films": [
    22,
    35,
    47,
    52,
    65,
    74,
    126,
    207,
    245,
    294,
    301,
    312,
    329,
    353,
    375,
    420,
    424,
    431,
    498,
    522,
    546,
    551,
    619,
    627,
    690,
    748,
    813,
    828,
    855,
    903,
    923
  ]
},{
  "_id": {
    "$oid": "643889742803eb7e4892b02c"
  },
  "actor_id": 96,
  "first_name": "GENE",
  "last_name": "WILLIS",
  "last_update": {
    "$date": "2006-02-15T04:34:33.000Z"
  },
  "films": [
    8,
    36,
    40,
    54,
    58,
    66,
    134,
    209,
    244,
    320,
    430,
    452,
    486,
    572,
    590,
    661,
    778,
    832,
    846,
    874,
    945,
    968,
    987
  ]
},{
  "_id": {
    "$oid": "643889742803eb7e4892b02d"
  },
  "actor_id": 97,
  "first_name": "MEG",
  "last_name": "HAWKE",
  "last_update": {
    "$date": "2006-02-15T04:34:33.000Z"
  },
  "films": [
    143,
    177,
    188,
    197,
    256,
    312,
    342,
    348,
    358,
    370,
    437,
    446,
    466,
    518,
    553,
    561,
    641,
    656,
    728,
    755,
    757,
    826,
    862,
    930,
    933,
    947,
    951
  ]
},{
  "_id": {
    "$oid": "643889742803eb7e4892b02e"
  },
  "actor_id": 98,
  "first_name": "CHRIS",
  "last_name": "BRIDGES",
  "last_update": {
    "$date": "2006-02-15T04:34:33.000Z"
  },
  "films": [
    66,
    72,
    81,
    87,
    107,
    120,
    183,
    194,
    212,
    297,
    607,
    634,
    686,
    705,
    710,
    721,
    725,
    734,
    738,
    765,
    782,
    824,
    829,
    912,
    955,
    985,
    990
  ]
},{
  "_id": {
    "$oid": "643889742803eb7e4892b02f"
  },
  "actor_id": 99,
  "first_name": "JIM",
  "last_name": "MOSTEL",
  "last_update": {
    "$date": "2006-02-15T04:34:33.000Z"
  },
  "films": [
    7,
    27,
    84,
    250,
    322,
    325,
    381,
    414,
    475,
    490,
    512,
    540,
    572,
    600,
    618,
    620,
    622,
    636,
    672,
    726,
    741,
    796,
    835,
    967,
    978,
    982
  ]
},{
  "_id": {
    "$oid": "643889742803eb7e4892b030"
  },
  "actor_id": 100,
  "first_name": "SPENCER",
  "last_name": "DEPP",
  "last_update": {
    "$date": "2006-02-15T04:34:33.000Z"
  },
  "films": [
    17,
    118,
    250,
    411,
    414,
    513,
    563,
    642,
    714,
    718,
    759,
    779,
    815,
    846,
    850,
    872,
    877,
    909,
    919,
    944,
    967,
    979,
    991,
    992
  ]
},{
  "_id": {
    "$oid": "643889742803eb7e4892b031"
  },
  "actor_id": 101,
  "first_name": "SUSAN",
  "last_name": "DAVIS",
  "last_update": {
    "$date": "2006-02-15T04:34:33.000Z"
  },
  "films": [
    60,
    66,
    85,
    146,
    189,
    250,
    255,
    263,
    275,
    289,
    491,
    494,
    511,
    568,
    608,
    617,
    655,
    662,
    700,
    702,
    758,
    774,
    787,
    828,
    841,
    928,
    932,
    936,
    941,
    978,
    980,
    984,
    988
  ]
},{
  "_id": {
    "$oid": "643889742803eb7e4892b032"
  },
  "actor_id": 102,
  "first_name": "WALTER",
  "last_name": "TORN",
  "last_update": {
    "$date": "2006-02-15T04:34:33.000Z"
  },
  "films": [
    20,
    34,
    53,
    123,
    124,
    194,
    200,
    205,
    268,
    326,
    329,
    334,
    351,
    418,
    431,
    446,
    485,
    508,
    517,
    521,
    526,
    529,
    544,
    600,
    605,
    606,
    624,
    631,
    712,
    728,
    744,
    796,
    802,
    810,
    828,
    837,
    845,
    852,
    958,
    979,
    980
  ]
},{
  "_id": {
    "$oid": "643889742803eb7e4892b033"
  },
  "actor_id": 103,
  "first_name": "MATTHEW",
  "last_name": "LEIGH",
  "last_update": {
    "$date": "2006-02-15T04:34:33.000Z"
  },
  "films": [
    5,
    118,
    130,
    197,
    199,
    206,
    215,
    221,
    271,
    285,
    315,
    318,
    333,
    347,
    356,
    360,
    378,
    437,
    585,
    609,
    639,
    643,
    692,
    735,
    822,
    895,
    903,
    912,
    942,
    956
  ]
},{
  "_id": {
    "$oid": "643889742803eb7e4892b034"
  },
  "actor_id": 104,
  "first_name": "PENELOPE",
  "last_name": "CRONYN",
  "last_update": {
    "$date": "2006-02-15T04:34:33.000Z"
  },
  "films": [
    19,
    39,
    40,
    59,
    70,
    136,
    156,
    184,
    198,
    233,
    259,
    287,
    309,
    313,
    394,
    401,
    463,
    506,
    516,
    583,
    600,
    607,
    657,
    677,
    739,
    892,
    904,
    926,
    945,
    984,
    999
  ]
},{
  "_id": {
    "$oid": "643889742803eb7e4892b035"
  },
  "actor_id": 105,
  "first_name": "SIDNEY",
  "last_name": "CROWE",
  "last_update": {
    "$date": "2006-02-15T04:34:33.000Z"
  },
  "films": [
    12,
    15,
    21,
    29,
    42,
    116,
    158,
    239,
    280,
    283,
    315,
    333,
    372,
    377,
    530,
    558,
    561,
    606,
    649,
    686,
    750,
    795,
    831,
    835,
    858,
    864,
    893,
    906,
    910,
    915,
    954,
    990,
    993,
    994
  ]
},{
  "_id": {
    "$oid": "643889742803eb7e4892b036"
  },
  "actor_id": 106,
  "first_name": "GROUCHO",
  "last_name": "DUNST",
  "last_update": {
    "$date": "2006-02-15T04:34:33.000Z"
  },
  "films": [
    44,
    83,
    108,
    126,
    136,
    166,
    189,
    194,
    204,
    229,
    241,
    345,
    365,
    399,
    439,
    457,
    469,
    500,
    505,
    559,
    566,
    585,
    639,
    654,
    659,
    675,
    687,
    752,
    763,
    780,
    858,
    866,
    881,
    894,
    934
  ]
},{
  "_id": {
    "$oid": "643889742803eb7e4892b037"
  },
  "actor_id": 107,
  "first_name": "GINA",
  "last_name": "DEGENERES",
  "last_update": {
    "$date": "2006-02-15T04:34:33.000Z"
  },
  "films": [
    62,
    112,
    133,
    136,
    138,
    162,
    165,
    172,
    209,
    220,
    239,
    277,
    292,
    338,
    348,
    369,
    388,
    392,
    409,
    430,
    445,
    454,
    458,
    467,
    520,
    534,
    548,
    571,
    574,
    603,
    606,
    637,
    774,
    781,
    796,
    831,
    849,
    859,
    879,
    905,
    973,
    977
  ]
},{
  "_id": {
    "$oid": "643889742803eb7e4892b038"
  },
  "actor_id": 108,
  "first_name": "WARREN",
  "last_name": "NOLTE",
  "last_update": {
    "$date": "2006-02-15T04:34:33.000Z"
  },
  "films": [
    1,
    6,
    9,
    137,
    208,
    219,
    242,
    278,
    302,
    350,
    378,
    379,
    495,
    507,
    517,
    561,
    567,
    648,
    652,
    655,
    673,
    693,
    696,
    702,
    721,
    733,
    741,
    744,
    887,
    892,
    894,
    920,
    958,
    966
  ]
},{
  "_id": {
    "$oid": "643889742803eb7e4892b039"
  },
  "actor_id": 109,
  "first_name": "SYLVESTER",
  "last_name": "DERN",
  "last_update": {
    "$date": "2006-02-15T04:34:33.000Z"
  },
  "films": [
    12,
    48,
    77,
    157,
    174,
    190,
    243,
    281,
    393,
    463,
    622,
    657,
    694,
    700,
    732,
    753,
    785,
    786,
    863,
    885,
    955,
    967
  ]
},{
  "_id": {
    "$oid": "643889742803eb7e4892b03a"
  },
  "actor_id": 110,
  "first_name": "SUSAN",
  "last_name": "DAVIS",
  "last_update": {
    "$date": "2006-02-15T04:34:33.000Z"
  },
  "films": [
    8,
    27,
    62,
    120,
    126,
    156,
    292,
    343,
    360,
    369,
    435,
    513,
    525,
    539,
    545,
    625,
    650,
    801,
    912,
    961,
    987
  ]
},{
  "_id": {
    "$oid": "643889742803eb7e4892b03b"
  },
  "actor_id": 111,
  "first_name": "CAMERON",
  "last_name": "ZELLWEGER",
  "last_update": {
    "$date": "2006-02-15T04:34:33.000Z"
  },
  "films": [
    61,
    78,
    98,
    162,
    179,
    194,
    325,
    359,
    382,
    403,
    407,
    414,
    474,
    489,
    508,
    555,
    603,
    608,
    643,
    669,
    679,
    680,
    699,
    731,
    732,
    737,
    744,
    777,
    847,
    894,
    919,
    962,
    973
  ]
},{
  "_id": {
    "$oid": "643889742803eb7e4892b03c"
  },
  "actor_id": 112,
  "first_name": "RUSSELL",
  "last_name": "BACALL",
  "last_update": {
    "$date": "2006-02-15T04:34:33.000Z"
  },
  "films": [
    34,
    37,
    151,
    173,
    188,
    231,
    312,
    322,
    443,
    450,
    565,
    603,
    606,
    654,
    666,
    700,
    728,
    772,
    796,
    817,
    829,
    856,
    865,
    869,
    988
  ]
},{
  "_id": {
    "$oid": "643889742803eb7e4892b03d"
  },
  "actor_id": 113,
  "first_name": "MORGAN",
  "last_name": "HOPKINS",
  "last_update": {
    "$date": "2006-02-15T04:34:33.000Z"
  },
  "films": [
    35,
    84,
    116,
    181,
    218,
    249,
    258,
    292,
    322,
    353,
    403,
    525,
    642,
    656,
    674,
    680,
    700,
    719,
    723,
    726,
    732,
    748,
    838,
    890,
    921,
    969,
    981
  ]
},{
  "_id": {
    "$oid": "643889742803eb7e4892b03e"
  },
  "actor_id": 114,
  "first_name": "MORGAN",
  "last_name": "MCDORMAND",
  "last_update": {
    "$date": "2006-02-15T04:34:33.000Z"
  },
  "films": [
    13,
    68,
    90,
    162,
    188,
    194,
    210,
    237,
    254,
    305,
    339,
    420,
    425,
    452,
    538,
    619,
    757,
    807,
    827,
    841,
    861,
    866,
    913,
    961,
    993
  ]
},{
  "_id": {
    "$oid": "643889742803eb7e4892b03f"
  },
  "actor_id": 115,
  "first_name": "HARRISON",
  "last_name": "BALE",
  "last_update": {
    "$date": "2006-02-15T04:34:33.000Z"
  },
  "films": [
    49,
    52,
    245,
    246,
    277,
    302,
    379,
    383,
    391,
    428,
    506,
    531,
    607,
    615,
    661,
    671,
    686,
    703,
    714,
    740,
    754,
    846,
    887,
    952,
    955,
    966,
    985,
    994
  ]
},{
  "_id": {
    "$oid": "643889742803eb7e4892b040"
  },
  "actor_id": 116,
  "first_name": "DAN",
  "last_name": "STREEP",
  "last_update": {
    "$date": "2006-02-15T04:34:33.000Z"
  },
  "films": [
    36,
    48,
    88,
    90,
    105,
    128,
    336,
    338,
    384,
    412,
    420,
    451,
    481,
    492,
    584,
    606,
    622,
    647,
    653,
    742,
    784,
    844,
    939,
    956
  ]
},{
  "_id": {
    "$oid": "643889742803eb7e4892b041"
  },
  "actor_id": 117,
  "first_name": "RENEE",
  "last_name": "TRACY",
  "last_update": {
    "$date": "2006-02-15T04:34:33.000Z"
  },
  "films": [
    10,
    15,
    42,
    167,
    178,
    190,
    197,
    224,
    246,
    273,
    298,
    316,
    337,
    395,
    423,
    432,
    459,
    468,
    550,
    578,
    707,
    710,
    738,
    739,
    778,
    783,
    785,
    797,
    812,
    831,
    864,
    887,
    926
  ]
},{
  "_id": {
    "$oid": "643889742803eb7e4892b042"
  },
  "actor_id": 118,
  "first_name": "CUBA",
  "last_name": "ALLEN",
  "last_update": {
    "$date": "2006-02-15T04:34:33.000Z"
  },
  "films": [
    35,
    39,
    41,
    49,
    55,
    136,
    141,
    151,
    311,
    384,
    399,
    499,
    517,
    553,
    558,
    572,
    641,
    656,
    695,
    735,
    788,
    852,
    938,
    957,
    969
  ]
},{
  "_id": {
    "$oid": "643889742803eb7e4892b043"
  },
  "actor_id": 119,
  "first_name": "WARREN",
  "last_name": "JACKMAN",
  "last_update": {
    "$date": "2006-02-15T04:34:33.000Z"
  },
  "films": [
    21,
    49,
    64,
    87,
    143,
    171,
    172,
    173,
    381,
    394,
    412,
    418,
    454,
    509,
    521,
    567,
    570,
    592,
    614,
    636,
    649,
    693,
    738,
    751,
    782,
    786,
    788,
    802,
    858,
    868,
    900,
    939
  ]
},{
  "_id": {
    "$oid": "643889742803eb7e4892b044"
  },
  "actor_id": 120,
  "first_name": "PENELOPE",
  "last_name": "MONROE",
  "last_update": {
    "$date": "2006-02-15T04:34:33.000Z"
  },
  "films": [
    57,
    63,
    144,
    149,
    208,
    231,
    238,
    255,
    414,
    424,
    489,
    513,
    590,
    641,
    642,
    659,
    682,
    691,
    715,
    717,
    722,
    746,
    830,
    894,
    898,
    911,
    994
  ]
},{
  "_id": {
    "$oid": "643889742803eb7e4892b045"
  },
  "actor_id": 121,
  "first_name": "LIZA",
  "last_name": "BERGMAN",
  "last_update": {
    "$date": "2006-02-15T04:34:33.000Z"
  },
  "films": [
    141,
    154,
    161,
    170,
    186,
    198,
    220,
    222,
    284,
    297,
    338,
    353,
    449,
    479,
    517,
    633,
    654,
    658,
    666,
    771,
    780,
    847,
    884,
    885,
    966
  ]
},{
  "_id": {
    "$oid": "643889742803eb7e4892b046"
  },
  "actor_id": 122,
  "first_name": "SALMA",
  "last_name": "NOLTE",
  "last_update": {
    "$date": "2006-02-15T04:34:33.000Z"
  },
  "films": [
    22,
    29,
    76,
    83,
    157,
    158,
    166,
    227,
    238,
    300,
    307,
    363,
    470,
    489,
    491,
    542,
    620,
    649,
    654,
    673,
    718,
    795,
    957,
    961,
    998
  ]
},{
  "_id": {
    "$oid": "643889742803eb7e4892b047"
  },
  "actor_id": 123,
  "first_name": "JULIANNE",
  "last_name": "DENCH",
  "last_update": {
    "$date": "2006-02-15T04:34:33.000Z"
  },
  "films": [
    3,
    43,
    67,
    105,
    148,
    151,
    185,
    223,
    234,
    245,
    246,
    266,
    286,
    429,
    442,
    446,
    479,
    480,
    494,
    503,
    530,
    576,
    577,
    589,
    593,
    725,
    730,
    786,
    860,
    892,
    926,
    988
  ]
},{
  "_id": {
    "$oid": "643889742803eb7e4892b048"
  },
  "actor_id": 124,
  "first_name": "SCARLETT",
  "last_name": "BENING",
  "last_update": {
    "$date": "2006-02-15T04:34:33.000Z"
  },
  "films": [
    22,
    64,
    106,
    113,
    190,
    246,
    260,
    263,
    289,
    306,
    312,
    322,
    343,
    449,
    468,
    539,
    601,
    726,
    742,
    775,
    785,
    814,
    858,
    882,
    987,
    997
  ]
},{
  "_id": {
    "$oid": "643889742803eb7e4892b049"
  },
  "actor_id": 125,
  "first_name": "ALBERT",
  "last_name": "NOLTE",
  "last_update": {
    "$date": "2006-02-15T04:34:33.000Z"
  },
  "films": [
    62,
    98,
    100,
    114,
    175,
    188,
    204,
    238,
    250,
    324,
    338,
    361,
    367,
    395,
    414,
    428,
    429,
    450,
    497,
    557,
    568,
    584,
    602,
    623,
    664,
    683,
    710,
    877,
    908,
    949,
    965
  ]
},{
  "_id": {
    "$oid": "643889742803eb7e4892b04a"
  },
  "actor_id": 126,
  "first_name": "FRANCES",
  "last_name": "TOMEI",
  "last_update": {
    "$date": "2006-02-15T04:34:33.000Z"
  },
  "films": [
    21,
    34,
    43,
    58,
    85,
    96,
    193,
    194,
    199,
    256,
    263,
    288,
    317,
    347,
    369,
    370,
    419,
    468,
    469,
    545,
    685,
    836,
    860
  ]
},{
  "_id": {
    "$oid": "643889742803eb7e4892b04b"
  },
  "actor_id": 127,
  "first_name": "KEVIN",
  "last_name": "GARLAND",
  "last_update": {
    "$date": "2006-02-15T04:34:33.000Z"
  },
  "films": [
    36,
    47,
    48,
    79,
    119,
    141,
    157,
    202,
    286,
    333,
    354,
    366,
    382,
    388,
    411,
    459,
    553,
    573,
    613,
    617,
    641,
    710,
    727,
    749,
    763,
    771,
    791,
    819,
    839,
    846,
    911,
    953,
    970
  ]
},{
  "_id": {
    "$oid": "643889742803eb7e4892b04c"
  },
  "actor_id": 128,
  "first_name": "CATE",
  "last_name": "MCQUEEN",
  "last_update": {
    "$date": "2006-02-15T04:34:33.000Z"
  },
  "films": [
    26,
    82,
    119,
    168,
    212,
    238,
    299,
    312,
    326,
    336,
    345,
    407,
    462,
    485,
    516,
    564,
    614,
    650,
    665,
    671,
    693,
    696,
    759,
    774,
    814,
    899,
    912,
    944,
    949,
    965
  ]
},{
  "_id": {
    "$oid": "643889742803eb7e4892b04d"
  },
  "actor_id": 129,
  "first_name": "DARYL",
  "last_name": "CRAWFORD",
  "last_update": {
    "$date": "2006-02-15T04:34:33.000Z"
  },
  "films": [
    56,
    89,
    101,
    166,
    202,
    230,
    247,
    249,
    348,
    367,
    391,
    418,
    431,
    452,
    471,
    520,
    597,
    602,
    640,
    669,
    684,
    705,
    805,
    826,
    834,
    857,
    910,
    920,
    938,
    962
  ]
},{
  "_id": {
    "$oid": "643889742803eb7e4892b04e"
  },
  "actor_id": 130,
  "first_name": "GRETA",
  "last_name": "KEITEL",
  "last_update": {
    "$date": "2006-02-15T04:34:33.000Z"
  },
  "films": [
    9,
    26,
    37,
    43,
    49,
    57,
    107,
    112,
    208,
    326,
    375,
    416,
    431,
    452,
    453,
    478,
    507,
    525,
    549,
    592,
    702,
    725,
    764,
    809,
    869,
    930,
    981
  ]
},{
  "_id": {
    "$oid": "643889742803eb7e4892b04f"
  },
  "actor_id": 131,
  "first_name": "JANE",
  "last_name": "JACKMAN",
  "last_update": {
    "$date": "2006-02-15T04:34:33.000Z"
  },
  "films": [
    48,
    66,
    94,
    120,
    147,
    206,
    320,
    383,
    432,
    436,
    450,
    479,
    494,
    515,
    539,
    590,
    647,
    693,
    713,
    770,
    798,
    809,
    875,
    881,
    921
  ]
},{
  "_id": {
    "$oid": "643889742803eb7e4892b050"
  },
  "actor_id": 132,
  "first_name": "ADAM",
  "last_name": "HOPPER",
  "last_update": {
    "$date": "2006-02-15T04:34:33.000Z"
  },
  "films": [
    81,
    82,
    133,
    156,
    162,
    311,
    345,
    377,
    410,
    538,
    562,
    586,
    626,
    637,
    698,
    756,
    806,
    897,
    899,
    904,
    930,
    987
  ]
},{
  "_id": {
    "$oid": "643889742803eb7e4892b051"
  },
  "actor_id": 133,
  "first_name": "RICHARD",
  "last_name": "PENN",
  "last_update": {
    "$date": "2006-02-15T04:34:33.000Z"
  },
  "films": [
    7,
    51,
    133,
    172,
    210,
    270,
    280,
    286,
    338,
    342,
    351,
    368,
    385,
    390,
    397,
    410,
    452,
    463,
    514,
    588,
    594,
    635,
    652,
    727,
    806,
    868,
    882,
    894,
    933,
    952
  ]
},{
  "_id": {
    "$oid": "643889742803eb7e4892b052"
  },
  "actor_id": 134,
  "first_name": "GENE",
  "last_name": "HOPKINS",
  "last_update": {
    "$date": "2006-02-15T04:34:33.000Z"
  },
  "films": [
    132,
    145,
    161,
    219,
    243,
    250,
    278,
    341,
    386,
    413,
    558,
    588,
    624,
    655,
    683,
    690,
    861,
    896,
    897,
    915,
    927,
    936
  ]
},{
  "_id": {
    "$oid": "643889742803eb7e4892b053"
  },
  "actor_id": 135,
  "first_name": "RITA",
  "last_name": "REYNOLDS",
  "last_update": {
    "$date": "2006-02-15T04:34:33.000Z"
  },
  "films": [
    35,
    41,
    65,
    88,
    170,
    269,
    320,
    353,
    357,
    364,
    455,
    458,
    484,
    541,
    553,
    616,
    628,
    719,
    814,
    905
  ]
},{
  "_id": {
    "$oid": "643889742803eb7e4892b054"
  },
  "actor_id": 136,
  "first_name": "ED",
  "last_name": "MANSFIELD",
  "last_update": {
    "$date": "2006-02-15T04:34:33.000Z"
  },
  "films": [
    20,
    25,
    33,
    56,
    61,
    193,
    214,
    229,
    243,
    256,
    262,
    271,
    288,
    300,
    364,
    401,
    414,
    420,
    474,
    485,
    542,
    552,
    620,
    649,
    686,
    781,
    806,
    808,
    818,
    842,
    933,
    993
  ]
},{
  "_id": {
    "$oid": "643889742803eb7e4892b055"
  },
  "actor_id": 137,
  "first_name": "MORGAN",
  "last_name": "WILLIAMS",
  "last_update": {
    "$date": "2006-02-15T04:34:33.000Z"
  },
  "films": [
    6,
    14,
    56,
    96,
    160,
    224,
    249,
    254,
    263,
    268,
    304,
    390,
    410,
    433,
    446,
    489,
    530,
    564,
    603,
    610,
    688,
    703,
    745,
    758,
    832,
    841,
    917
  ]
},{
  "_id": {
    "$oid": "643889742803eb7e4892b056"
  },
  "actor_id": 138,
  "first_name": "LUCILLE",
  "last_name": "DEE",
  "last_update": {
    "$date": "2006-02-15T04:34:33.000Z"
  },
  "films": [
    8,
    52,
    61,
    125,
    157,
    214,
    258,
    376,
    403,
    446,
    453,
    508,
    553,
    561,
    583,
    627,
    639,
    695,
    747,
    879,
    885,
    923,
    970,
    989
  ]
},{
  "_id": {
    "$oid": "643889742803eb7e4892b057"
  },
  "actor_id": 139,
  "first_name": "EWAN",
  "last_name": "GOODING",
  "last_update": {
    "$date": "2006-02-15T04:34:33.000Z"
  },
  "films": [
    20,
    35,
    57,
    74,
    90,
    107,
    155,
    170,
    181,
    200,
    229,
    233,
    261,
    262,
    266,
    282,
    284,
    373,
    447,
    489,
    529,
    540,
    570,
    602,
    605,
    636,
    691,
    706,
    719,
    744,
    746,
    862,
    892
  ]
},{
  "_id": {
    "$oid": "643889742803eb7e4892b058"
  },
  "actor_id": 140,
  "first_name": "WHOOPI",
  "last_name": "HURT",
  "last_update": {
    "$date": "2006-02-15T04:34:33.000Z"
  },
  "films": [
    27,
    77,
    112,
    135,
    185,
    258,
    370,
    373,
    498,
    509,
    576,
    587,
    599,
    608,
    647,
    665,
    670,
    693,
    702,
    729,
    730,
    731,
    736,
    742,
    778,
    820,
    830,
    835,
    857,
    923,
    934,
    999
  ]
},{
  "_id": {
    "$oid": "643889742803eb7e4892b059"
  },
  "actor_id": 141,
  "first_name": "CATE",
  "last_name": "HARRIS",
  "last_update": {
    "$date": "2006-02-15T04:34:33.000Z"
  },
  "films": [
    43,
    67,
    188,
    191,
    207,
    223,
    341,
    358,
    380,
    395,
    467,
    491,
    589,
    607,
    673,
    740,
    752,
    768,
    772,
    787,
    821,
    829,
    840,
    849,
    862,
    863,
    909,
    992
  ]
},{
  "_id": {
    "$oid": "643889742803eb7e4892b05a"
  },
  "actor_id": 142,
  "first_name": "JADA",
  "last_name": "RYDER",
  "last_update": {
    "$date": "2006-02-15T04:34:33.000Z"
  },
  "films": [
    10,
    18,
    107,
    139,
    186,
    199,
    248,
    328,
    350,
    371,
    470,
    481,
    494,
    501,
    504,
    540,
    554,
    575,
    608,
    710,
    712,
    735,
    759,
    794,
    842,
    859,
    863,
    875,
    906,
    914,
    999
  ]
},{
  "_id": {
    "$oid": "643889742803eb7e4892b05b"
  },
  "actor_id": 143,
  "first_name": "RIVER",
  "last_name": "DEAN",
  "last_update": {
    "$date": "2006-02-15T04:34:33.000Z"
  },
  "films": [
    47,
    79,
    141,
    175,
    232,
    239,
    316,
    339,
    361,
    386,
    404,
    457,
    485,
    497,
    560,
    576,
    603,
    613,
    659,
    660,
    680,
    687,
    690,
    706,
    792,
    821,
    830,
    872,
    878,
    906,
    958
  ]
},{
  "_id": {
    "$oid": "643889742803eb7e4892b05c"
  },
  "actor_id": 144,
  "first_name": "ANGELA",
  "last_name": "WITHERSPOON",
  "last_update": {
    "$date": "2006-02-15T04:34:33.000Z"
  },
  "films": [
    18,
    67,
    79,
    90,
    99,
    105,
    123,
    125,
    127,
    130,
    135,
    164,
    184,
    216,
    228,
    260,
    272,
    291,
    293,
    312,
    393,
    396,
    473,
    504,
    540,
    599,
    668,
    702,
    753,
    762,
    776,
    785,
    845,
    894,
    953
  ]
},{
  "_id": {
    "$oid": "643889742803eb7e4892b05d"
  },
  "actor_id": 145,
  "first_name": "KIM",
  "last_name": "ALLEN",
  "last_update": {
    "$date": "2006-02-15T04:34:33.000Z"
  },
  "films": [
    39,
    109,
    120,
    154,
    155,
    243,
    293,
    402,
    409,
    457,
    475,
    487,
    494,
    527,
    592,
    625,
    629,
    641,
    661,
    664,
    692,
    713,
    726,
    748,
    822,
    893,
    923,
    953
  ]
},{
  "_id": {
    "$oid": "643889742803eb7e4892b05e"
  },
  "actor_id": 146,
  "first_name": "ALBERT",
  "last_name": "JOHANSSON",
  "last_update": {
    "$date": "2006-02-15T04:34:33.000Z"
  },
  "films": [
    12,
    16,
    33,
    117,
    177,
    191,
    197,
    207,
    218,
    278,
    296,
    314,
    320,
    372,
    384,
    402,
    410,
    427,
    429,
    512,
    514,
    571,
    591,
    720,
    731,
    734,
    871,
    909,
    922,
    945,
    955,
    966,
    969
  ]
},{
  "_id": {
    "$oid": "643889742803eb7e4892b05f"
  },
  "actor_id": 147,
  "first_name": "FAY",
  "last_name": "WINSLET",
  "last_update": {
    "$date": "2006-02-15T04:34:33.000Z"
  },
  "films": [
    4,
    85,
    131,
    139,
    145,
    178,
    251,
    254,
    295,
    298,
    305,
    310,
    318,
    333,
    341,
    351,
    394,
    402,
    405,
    410,
    431,
    443,
    508,
    554,
    563,
    649,
    688,
    708,
    864,
    957,
    987
  ]
},{
  "_id": {
    "$oid": "643889742803eb7e4892b060"
  },
  "actor_id": 148,
  "first_name": "EMILY",
  "last_name": "DEE",
  "last_update": {
    "$date": "2006-02-15T04:34:33.000Z"
  },
  "films": [
    27,
    57,
    133,
    149,
    226,
    342,
    368,
    422,
    468,
    633,
    718,
    768,
    772,
    792
  ]
},{
  "_id": {
    "$oid": "643889742803eb7e4892b061"
  },
  "actor_id": 149,
  "first_name": "RUSSELL",
  "last_name": "TEMPLE",
  "last_update": {
    "$date": "2006-02-15T04:34:33.000Z"
  },
  "films": [
    53,
    72,
    95,
    118,
    139,
    146,
    153,
    159,
    169,
    178,
    188,
    193,
    339,
    354,
    362,
    365,
    458,
    631,
    670,
    685,
    761,
    782,
    810,
    811,
    899,
    905,
    913,
    921,
    947,
    949,
    992
  ]
},{
  "_id": {
    "$oid": "643889742803eb7e4892b062"
  },
  "actor_id": 150,
  "first_name": "JAYNE",
  "last_name": "NOLTE",
  "last_update": {
    "$date": "2006-02-15T04:34:33.000Z"
  },
  "films": [
    23,
    63,
    75,
    94,
    105,
    168,
    190,
    206,
    233,
    270,
    285,
    306,
    386,
    433,
    446,
    447,
    468,
    508,
    542,
    551,
    629,
    647,
    672,
    697,
    728,
    777,
    854,
    873,
    880,
    887,
    889,
    892,
    953,
    962
  ]
},{
  "_id": {
    "$oid": "643889742803eb7e4892b063"
  },
  "actor_id": 151,
  "first_name": "GEOFFREY",
  "last_name": "HESTON",
  "last_update": {
    "$date": "2006-02-15T04:34:33.000Z"
  },
  "films": [
    131,
    144,
    167,
    170,
    217,
    232,
    342,
    367,
    370,
    382,
    451,
    463,
    482,
    501,
    527,
    539,
    570,
    574,
    634,
    658,
    665,
    703,
    880,
    892,
    895,
    989
  ]
},{
  "_id": {
    "$oid": "643889742803eb7e4892b064"
  },
  "actor_id": 152,
  "first_name": "BEN",
  "last_name": "HARRIS",
  "last_update": {
    "$date": "2006-02-15T04:34:33.000Z"
  },
  "films": [
    59,
    153,
    217,
    248,
    318,
    332,
    475,
    476,
    578,
    607,
    611,
    615,
    674,
    680,
    729,
    768,
    821,
    846,
    891,
    898,
    927,
    964,
    968
  ]
},{
  "_id": {
    "$oid": "643889742803eb7e4892b065"
  },
  "actor_id": 153,
  "first_name": "MINNIE",
  "last_name": "KILMER",
  "last_update": {
    "$date": "2006-02-15T04:34:33.000Z"
  },
  "films": [
    47,
    64,
    136,
    180,
    203,
    231,
    444,
    476,
    480,
    486,
    536,
    627,
    732,
    756,
    766,
    817,
    847,
    919,
    938,
    988
  ]
},{
  "_id": {
    "$oid": "643889742803eb7e4892b066"
  },
  "actor_id": 154,
  "first_name": "MERYL",
  "last_name": "GIBSON",
  "last_update": {
    "$date": "2006-02-15T04:34:33.000Z"
  },
  "films": [
    27,
    111,
    141,
    158,
    169,
    170,
    193,
    208,
    274,
    276,
    282,
    299,
    314,
    396,
    399,
    421,
    440,
    467,
    474,
    489,
    588,
    602,
    680,
    698,
    802,
    842,
    954,
    988
  ]
},{
  "_id": {
    "$oid": "643889742803eb7e4892b067"
  },
  "actor_id": 155,
  "first_name": "IAN",
  "last_name": "TANDY",
  "last_update": {
    "$date": "2006-02-15T04:34:33.000Z"
  },
  "films": [
    20,
    67,
    128,
    153,
    220,
    249,
    303,
    312,
    359,
    361,
    383,
    387,
    407,
    427,
    459,
    513,
    584,
    590,
    630,
    688,
    757,
    768,
    785,
    849,
    885,
    890,
    941,
    966,
    987,
    997,
    1000
  ]
},{
  "_id": {
    "$oid": "643889742803eb7e4892b068"
  },
  "actor_id": 156,
  "first_name": "FAY",
  "last_name": "WOOD",
  "last_update": {
    "$date": "2006-02-15T04:34:33.000Z"
  },
  "films": [
    53,
    155,
    198,
    244,
    262,
    263,
    285,
    297,
    301,
    349,
    379,
    448,
    462,
    467,
    504,
    518,
    593,
    646,
    705,
    754,
    775,
    844
  ]
},{
  "_id": {
    "$oid": "643889742803eb7e4892b069"
  },
  "actor_id": 157,
  "first_name": "GRETA",
  "last_name": "MALDEN",
  "last_update": {
    "$date": "2006-02-15T04:34:33.000Z"
  },
  "films": [
    10,
    24,
    34,
    122,
    159,
    183,
    210,
    217,
    291,
    303,
    321,
    326,
    353,
    400,
    406,
    431,
    496,
    535,
    573,
    574,
    604,
    616,
    642,
    661,
    696,
    713,
    802,
    835,
    874,
    913,
    967,
    973
  ]
},{
  "_id": {
    "$oid": "643889742803eb7e4892b06a"
  },
  "actor_id": 158,
  "first_name": "VIVIEN",
  "last_name": "BASINGER",
  "last_update": {
    "$date": "2006-02-15T04:34:33.000Z"
  },
  "films": [
    32,
    47,
    64,
    66,
    102,
    121,
    177,
    178,
    188,
    215,
    241,
    293,
    437,
    473,
    483,
    532,
    555,
    581,
    601,
    616,
    626,
    637,
    799,
    812,
    824,
    830,
    840,
    869,
    879,
    880,
    894,
    896,
    967,
    968,
    990
  ]
},{
  "_id": {
    "$oid": "643889742803eb7e4892b06b"
  },
  "actor_id": 159,
  "first_name": "LAURA",
  "last_name": "BRODY",
  "last_update": {
    "$date": "2006-02-15T04:34:33.000Z"
  },
  "films": [
    20,
    82,
    127,
    187,
    206,
    208,
    223,
    248,
    342,
    343,
    344,
    364,
    418,
    549,
    561,
    600,
    674,
    680,
    784,
    789,
    800,
    802,
    818,
    876,
    907,
    978
  ]
},{
  "_id": {
    "$oid": "643889742803eb7e4892b06c"
  },
  "actor_id": 160,
  "first_name": "CHRIS",
  "last_name": "DEPP",
  "last_update": {
    "$date": "2006-02-15T04:34:33.000Z"
  },
  "films": [
    2,
    17,
    43,
    242,
    267,
    275,
    368,
    455,
    469,
    484,
    579,
    660,
    755,
    767,
    769,
    794,
    826,
    883,
    950,
    954
  ]
},{
  "_id": {
    "$oid": "643889742803eb7e4892b06d"
  },
  "actor_id": 161,
  "first_name": "HARVEY",
  "last_name": "HOPE",
  "last_update": {
    "$date": "2006-02-15T04:34:33.000Z"
  },
  "films": [
    43,
    58,
    89,
    90,
    120,
    188,
    247,
    269,
    281,
    340,
    353,
    401,
    414,
    425,
    469,
    526,
    588,
    644,
    653,
    655,
    669,
    684,
    714,
    749,
    807,
    825,
    850,
    880,
    920,
    921,
    924,
    927
  ]
},{
  "_id": {
    "$oid": "643889742803eb7e4892b06e"
  },
  "actor_id": 162,
  "first_name": "OPRAH",
  "last_name": "KILMER",
  "last_update": {
    "$date": "2006-02-15T04:34:33.000Z"
  },
  "films": [
    1,
    4,
    7,
    18,
    28,
    32,
    33,
    41,
    85,
    121,
    164,
    274,
    279,
    409,
    410,
    415,
    500,
    574,
    612,
    636,
    659,
    786,
    844,
    909,
    968
  ]
},{
  "_id": {
    "$oid": "643889742803eb7e4892b06f"
  },
  "actor_id": 163,
  "first_name": "CHRISTOPHER",
  "last_name": "WEST",
  "last_update": {
    "$date": "2006-02-15T04:34:33.000Z"
  },
  "films": [
    30,
    45,
    166,
    180,
    239,
    283,
    303,
    304,
    307,
    394,
    409,
    434,
    444,
    522,
    719,
    785,
    833,
    881,
    891,
    947,
    996
  ]
},{
  "_id": {
    "$oid": "643889742803eb7e4892b070"
  },
  "actor_id": 164,
  "first_name": "HUMPHREY",
  "last_name": "WILLIS",
  "last_update": {
    "$date": "2006-02-15T04:34:33.000Z"
  },
  "films": [
    15,
    23,
    148,
    169,
    252,
    324,
    347,
    367,
    431,
    448,
    469,
    545,
    610,
    613,
    673,
    681,
    698,
    801,
    820,
    832,
    834,
    851,
    884,
    908,
    957,
    984
  ]
},{
  "_id": {
    "$oid": "643889742803eb7e4892b071"
  },
  "actor_id": 165,
  "first_name": "AL",
  "last_name": "GARLAND",
  "last_update": {
    "$date": "2006-02-15T04:34:33.000Z"
  },
  "films": [
    72,
    95,
    146,
    204,
    253,
    286,
    360,
    375,
    395,
    421,
    437,
    473,
    607,
    644,
    659,
    693,
    737,
    779,
    798,
    807,
    809,
    832,
    833,
    947,
    948,
    962
  ]
},{
  "_id": {
    "$oid": "643889742803eb7e4892b072"
  },
  "actor_id": 166,
  "first_name": "NICK",
  "last_name": "DEGENERES",
  "last_update": {
    "$date": "2006-02-15T04:34:33.000Z"
  },
  "films": [
    25,
    38,
    55,
    61,
    68,
    86,
    146,
    255,
    297,
    306,
    326,
    361,
    366,
    426,
    580,
    622,
    674,
    714,
    788,
    867,
    944,
    1000
  ]
},{
  "_id": {
    "$oid": "643889742803eb7e4892b073"
  },
  "actor_id": 167,
  "first_name": "LAURENCE",
  "last_name": "BULLOCK",
  "last_update": {
    "$date": "2006-02-15T04:34:33.000Z"
  },
  "films": [
    17,
    25,
    63,
    72,
    107,
    120,
    191,
    294,
    319,
    339,
    341,
    496,
    554,
    626,
    628,
    672,
    692,
    717,
    734,
    794,
    800,
    802,
    856,
    864,
    882,
    923
  ]
},{
  "_id": {
    "$oid": "643889742803eb7e4892b074"
  },
  "actor_id": 168,
  "first_name": "WILL",
  "last_name": "WILSON",
  "last_update": {
    "$date": "2006-02-15T04:34:33.000Z"
  },
  "films": [
    32,
    56,
    92,
    115,
    188,
    196,
    208,
    237,
    241,
    255,
    305,
    336,
    387,
    433,
    438,
    519,
    602,
    619,
    626,
    652,
    678,
    685,
    804,
    807,
    826,
    841,
    886,
    889,
    892,
    927,
    959
  ]
},{
  "_id": {
    "$oid": "643889742803eb7e4892b075"
  },
  "actor_id": 169,
  "first_name": "KENNETH",
  "last_name": "HOFFMAN",
  "last_update": {
    "$date": "2006-02-15T04:34:33.000Z"
  },
  "films": [
    6,
    78,
    93,
    246,
    248,
    289,
    301,
    326,
    349,
    372,
    398,
    434,
    505,
    564,
    571,
    634,
    642,
    673,
    694,
    727,
    778,
    815,
    847,
    849,
    894,
    897,
    954,
    992,
    998
  ]
},{
  "_id": {
    "$oid": "643889742803eb7e4892b076"
  },
  "actor_id": 170,
  "first_name": "MENA",
  "last_name": "HOPPER",
  "last_update": {
    "$date": "2006-02-15T04:34:33.000Z"
  },
  "films": [
    7,
    15,
    27,
    33,
    102,
    139,
    180,
    184,
    212,
    299,
    322,
    358,
    416,
    508,
    537,
    705,
    758,
    764,
    868,
    877,
    886,
    925,
    993,
    996
  ]
},{
  "_id": {
    "$oid": "643889742803eb7e4892b077"
  },
  "actor_id": 171,
  "first_name": "OLYMPIA",
  "last_name": "PFEIFFER",
  "last_update": {
    "$date": "2006-02-15T04:34:33.000Z"
  },
  "films": [
    49,
    146,
    166,
    181,
    219,
    273,
    296,
    318,
    342,
    397,
    447,
    450,
    466,
    549,
    560,
    566,
    608,
    625,
    645,
    701,
    761,
    779,
    849,
    872,
    892,
    898,
    903,
    953
  ]
},{
  "_id": {
    "$oid": "643889742803eb7e4892b078"
  },
  "actor_id": 172,
  "first_name": "GROUCHO",
  "last_name": "WILLIAMS",
  "last_update": {
    "$date": "2006-02-15T04:34:33.000Z"
  },
  "films": [
    57,
    100,
    148,
    215,
    302,
    345,
    368,
    385,
    423,
    487,
    493,
    529,
    538,
    567,
    609,
    639,
    649,
    661,
    667,
    710,
    744,
    758,
    771,
    833,
    959
  ]
},{
  "_id": {
    "$oid": "643889742803eb7e4892b079"
  },
  "actor_id": 173,
  "first_name": "ALAN",
  "last_name": "DREYFUSS",
  "last_update": {
    "$date": "2006-02-15T04:34:33.000Z"
  },
  "films": [
    49,
    55,
    74,
    80,
    106,
    154,
    162,
    188,
    235,
    313,
    379,
    405,
    491,
    496,
    529,
    550,
    564,
    571,
    592,
    688,
    753,
    757,
    852,
    857,
    921,
    928,
    933
  ]
},{
  "_id": {
    "$oid": "643889742803eb7e4892b07a"
  },
  "actor_id": 174,
  "first_name": "MICHAEL",
  "last_name": "BENING",
  "last_update": {
    "$date": "2006-02-15T04:34:33.000Z"
  },
  "films": [
    11,
    61,
    168,
    298,
    352,
    442,
    451,
    496,
    610,
    618,
    622,
    659,
    677,
    705,
    722,
    780,
    797,
    809,
    827,
    830,
    852,
    853,
    879,
    982
  ]
},{
  "_id": {
    "$oid": "643889742803eb7e4892b07b"
  },
  "actor_id": 175,
  "first_name": "WILLIAM",
  "last_name": "HACKMAN",
  "last_update": {
    "$date": "2006-02-15T04:34:33.000Z"
  },
  "films": [
    9,
    29,
    67,
    129,
    155,
    190,
    191,
    362,
    405,
    424,
    439,
    442,
    483,
    591,
    596,
    616,
    719,
    729,
    772,
    778,
    828,
    842,
    890,
    908,
    977,
    978,
    998
  ]
},{
  "_id": {
    "$oid": "643889742803eb7e4892b07c"
  },
  "actor_id": 176,
  "first_name": "JON",
  "last_name": "CHASE",
  "last_update": {
    "$date": "2006-02-15T04:34:33.000Z"
  },
  "films": [
    13,
    73,
    89,
    150,
    162,
    238,
    252,
    303,
    320,
    401,
    417,
    441,
    458,
    461,
    517,
    521,
    543,
    573,
    699,
    726,
    740,
    746,
    758,
    802,
    827,
    839,
    859,
    872,
    946
  ]
},{
  "_id": {
    "$oid": "643889742803eb7e4892b07d"
  },
  "actor_id": 177,
  "first_name": "GENE",
  "last_name": "MCKELLEN",
  "last_update": {
    "$date": "2006-02-15T04:34:33.000Z"
  },
  "films": [
    12,
    39,
    52,
    55,
    86,
    175,
    188,
    235,
    237,
    289,
    363,
    401,
    433,
    458,
    522,
    543,
    563,
    649,
    683,
    684,
    726,
    751,
    763,
    764,
    827,
    910,
    956
  ]
},{
  "_id": {
    "$oid": "643889742803eb7e4892b07e"
  },
  "actor_id": 178,
  "first_name": "LISA",
  "last_name": "MONROE",
  "last_update": {
    "$date": "2006-02-15T04:34:33.000Z"
  },
  "films": [
    30,
    34,
    109,
    146,
    160,
    164,
    194,
    197,
    273,
    311,
    397,
    483,
    517,
    537,
    587,
    708,
    733,
    744,
    762,
    930,
    974,
    983,
    1000
  ]
},{
  "_id": {
    "$oid": "643889742803eb7e4892b07f"
  },
  "actor_id": 179,
  "first_name": "ED",
  "last_name": "GUINESS",
  "last_update": {
    "$date": "2006-02-15T04:34:33.000Z"
  },
  "films": [
    24,
    27,
    65,
    85,
    109,
    131,
    159,
    193,
    250,
    291,
    353,
    415,
    463,
    468,
    489,
    566,
    588,
    650,
    698,
    732,
    737,
    769,
    811,
    817,
    852,
    924,
    931,
    960,
    976
  ]
},{
  "_id": {
    "$oid": "643889742803eb7e4892b080"
  },
  "actor_id": 180,
  "first_name": "JEFF",
  "last_name": "SILVERSTONE",
  "last_update": {
    "$date": "2006-02-15T04:34:33.000Z"
  },
  "films": [
    12,
    33,
    144,
    195,
    258,
    441,
    506,
    561,
    609,
    622,
    628,
    657,
    724,
    729,
    732,
    777,
    809,
    811,
    820,
    824,
    847,
    869,
    874,
    955,
    963
  ]
},{
  "_id": {
    "$oid": "643889742803eb7e4892b081"
  },
  "actor_id": 181,
  "first_name": "MATTHEW",
  "last_name": "CARREY",
  "last_update": {
    "$date": "2006-02-15T04:34:33.000Z"
  },
  "films": [
    5,
    40,
    74,
    78,
    83,
    152,
    195,
    233,
    286,
    301,
    311,
    381,
    387,
    403,
    409,
    420,
    437,
    456,
    507,
    522,
    539,
    542,
    546,
    579,
    596,
    604,
    609,
    625,
    744,
    816,
    836,
    868,
    870,
    874,
    892,
    907,
    911,
    921,
    991
  ]
},{
  "_id": {
    "$oid": "643889742803eb7e4892b082"
  },
  "actor_id": 182,
  "first_name": "DEBBIE",
  "last_name": "AKROYD",
  "last_update": {
    "$date": "2006-02-15T04:34:33.000Z"
  },
  "films": [
    33,
    160,
    301,
    324,
    346,
    362,
    391,
    413,
    421,
    437,
    590,
    639,
    668,
    677,
    679,
    695,
    714,
    720,
    819,
    828,
    845,
    864,
    940,
    990
  ]
},{
  "_id": {
    "$oid": "643889742803eb7e4892b083"
  },
  "actor_id": 183,
  "first_name": "RUSSELL",
  "last_name": "CLOSE",
  "last_update": {
    "$date": "2006-02-15T04:34:33.000Z"
  },
  "films": [
    32,
    40,
    71,
    113,
    313,
    388,
    389,
    390,
    495,
    520,
    576,
    636,
    715,
    850,
    862,
    914,
    941,
    949,
    983
  ]
},{
  "_id": {
    "$oid": "643889742803eb7e4892b084"
  },
  "actor_id": 184,
  "first_name": "HUMPHREY",
  "last_name": "GARLAND",
  "last_update": {
    "$date": "2006-02-15T04:34:33.000Z"
  },
  "films": [
    35,
    87,
    146,
    169,
    221,
    336,
    371,
    452,
    486,
    492,
    500,
    574,
    580,
    597,
    615,
    640,
    642,
    650,
    661,
    684,
    745,
    772,
    787,
    867,
    959,
    966,
    967,
    969,
    985
  ]
},{
  "_id": {
    "$oid": "643889742803eb7e4892b085"
  },
  "actor_id": 185,
  "first_name": "MICHAEL",
  "last_name": "BOLGER",
  "last_update": {
    "$date": "2006-02-15T04:34:33.000Z"
  },
  "films": [
    7,
    95,
    138,
    265,
    286,
    360,
    411,
    427,
    437,
    448,
    494,
    510,
    518,
    554,
    560,
    571,
    584,
    631,
    665,
    694,
    730,
    761,
    818,
    845,
    880,
    882,
    919,
    920,
    965,
    973
  ]
},{
  "_id": {
    "$oid": "643889742803eb7e4892b086"
  },
  "actor_id": 186,
  "first_name": "JULIA",
  "last_name": "ZELLWEGER",
  "last_update": {
    "$date": "2006-02-15T04:34:33.000Z"
  },
  "films": [
    95,
    187,
    208,
    228,
    237,
    422,
    482,
    508,
    552,
    579,
    637,
    648,
    654,
    729,
    983,
    994
  ]
},{
  "_id": {
    "$oid": "643889742803eb7e4892b087"
  },
  "actor_id": 187,
  "first_name": "RENEE",
  "last_name": "BALL",
  "last_update": {
    "$date": "2006-02-15T04:34:33.000Z"
  },
  "films": [
    17,
    25,
    29,
    51,
    73,
    76,
    98,
    110,
    127,
    168,
    222,
    224,
    297,
    354,
    379,
    417,
    435,
    441,
    474,
    499,
    538,
    548,
    561,
    617,
    625,
    664,
    671,
    768,
    779,
    906,
    914,
    923,
    976
  ]
},{
  "_id": {
    "$oid": "643889742803eb7e4892b088"
  },
  "actor_id": 188,
  "first_name": "ROCK",
  "last_name": "DUKAKIS",
  "last_update": {
    "$date": "2006-02-15T04:34:33.000Z"
  },
  "films": [
    1,
    10,
    14,
    51,
    102,
    111,
    146,
    206,
    223,
    289,
    311,
    322,
    338,
    396,
    412,
    506,
    517,
    529,
    566,
    593,
    606,
    662,
    770,
    773,
    774,
    815,
    849,
    925,
    988,
    989
  ]
},{
  "_id": {
    "$oid": "643889742803eb7e4892b089"
  },
  "actor_id": 189,
  "first_name": "CUBA",
  "last_name": "BIRCH",
  "last_update": {
    "$date": "2006-02-15T04:34:33.000Z"
  },
  "films": [
    43,
    82,
    171,
    266,
    272,
    315,
    378,
    492,
    509,
    512,
    519,
    533,
    548,
    560,
    628,
    734,
    748,
    788,
    820,
    853,
    882,
    896,
    899,
    940
  ]
},{
  "_id": {
    "$oid": "643889742803eb7e4892b08a"
  },
  "actor_id": 190,
  "first_name": "AUDREY",
  "last_name": "BAILEY",
  "last_update": {
    "$date": "2006-02-15T04:34:33.000Z"
  },
  "films": [
    38,
    54,
    62,
    87,
    173,
    234,
    253,
    278,
    310,
    374,
    411,
    426,
    472,
    549,
    562,
    606,
    623,
    679,
    682,
    693,
    695,
    705,
    708,
    802,
    806,
    874,
    959
  ]
},{
  "_id": {
    "$oid": "643889742803eb7e4892b08b"
  },
  "actor_id": 191,
  "first_name": "GREGORY",
  "last_name": "GOODING",
  "last_update": {
    "$date": "2006-02-15T04:34:33.000Z"
  },
  "films": [
    16,
    39,
    84,
    185,
    219,
    293,
    296,
    378,
    410,
    420,
    461,
    544,
    551,
    596,
    638,
    668,
    692,
    775,
    801,
    819,
    827,
    830,
    834,
    849,
    858,
    914,
    958,
    969,
    971,
    993
  ]
},{
  "_id": {
    "$oid": "643889742803eb7e4892b08c"
  },
  "actor_id": 192,
  "first_name": "JOHN",
  "last_name": "SUVARI",
  "last_update": {
    "$date": "2006-02-15T04:34:33.000Z"
  },
  "films": [
    16,
    69,
    117,
    155,
    166,
    179,
    214,
    361,
    367,
    426,
    465,
    470,
    475,
    485,
    541,
    578,
    592,
    614,
    618,
    622,
    674,
    677,
    680,
    682,
    708,
    711,
    747,
    763,
    819
  ]
},{
  "_id": {
    "$oid": "643889742803eb7e4892b08d"
  },
  "actor_id": 193,
  "first_name": "BURT",
  "last_name": "TEMPLE",
  "last_update": {
    "$date": "2006-02-15T04:34:33.000Z"
  },
  "films": [
    44,
    80,
    103,
    109,
    119,
    141,
    164,
    291,
    352,
    358,
    376,
    412,
    462,
    689,
    709,
    745,
    807,
    828,
    834,
    851,
    937,
    953,
    960
  ]
},{
  "_id": {
    "$oid": "643889742803eb7e4892b08e"
  },
  "actor_id": 194,
  "first_name": "MERYL",
  "last_name": "ALLEN",
  "last_update": {
    "$date": "2006-02-15T04:34:33.000Z"
  },
  "films": [
    9,
    42,
    67,
    86,
    88,
    98,
    135,
    161,
    163,
    215,
    232,
    352,
    415,
    486,
    498,
    531,
    719,
    738,
    786,
    872,
    938,
    940
  ]
},{
  "_id": {
    "$oid": "643889742803eb7e4892b08f"
  },
  "actor_id": 195,
  "first_name": "JAYNE",
  "last_name": "SILVERSTONE",
  "last_update": {
    "$date": "2006-02-15T04:34:33.000Z"
  },
  "films": [
    129,
    130,
    141,
    144,
    298,
    359,
    361,
    392,
    403,
    494,
    520,
    534,
    560,
    592,
    649,
    658,
    673,
    677,
    706,
    738,
    769,
    781,
    794,
    813,
    869,
    885,
    962
  ]
},{
  "_id": {
    "$oid": "643889742803eb7e4892b090"
  },
  "actor_id": 196,
  "first_name": "BELA",
  "last_name": "WALKEN",
  "last_update": {
    "$date": "2006-02-15T04:34:33.000Z"
  },
  "films": [
    64,
    122,
    156,
    169,
    276,
    284,
    303,
    324,
    423,
    473,
    484,
    515,
    524,
    541,
    560,
    575,
    576,
    587,
    615,
    635,
    684,
    795,
    815,
    833,
    837,
    906,
    908,
    919,
    939,
    972
  ]
},{
  "_id": {
    "$oid": "643889742803eb7e4892b091"
  },
  "actor_id": 197,
  "first_name": "REESE",
  "last_name": "WEST",
  "last_update": {
    "$date": "2006-02-15T04:34:33.000Z"
  },
  "films": [
    6,
    29,
    63,
    123,
    129,
    147,
    164,
    189,
    243,
    249,
    258,
    364,
    369,
    370,
    418,
    522,
    531,
    554,
    598,
    628,
    691,
    724,
    746,
    752,
    758,
    769,
    815,
    916,
    950,
    967,
    974,
    979,
    995
  ]
},{
  "_id": {
    "$oid": "643889742803eb7e4892b092"
  },
  "actor_id": 198,
  "first_name": "MARY",
  "last_name": "KEITEL",
  "last_update": {
    "$date": "2006-02-15T04:34:33.000Z"
  },
  "films": [
    1,
    109,
    125,
    186,
    262,
    264,
    303,
    309,
    311,
    329,
    347,
    379,
    395,
    406,
    450,
    464,
    482,
    499,
    536,
    541,
    545,
    555,
    568,
    570,
    588,
    597,
    628,
    745,
    758,
    796,
    806,
    817,
    843,
    858,
    871,
    886,
    892,
    924,
    952,
    997
  ]
},{
  "_id": {
    "$oid": "643889742803eb7e4892b093"
  },
  "actor_id": 199,
  "first_name": "JULIA",
  "last_name": "FAWCETT",
  "last_update": {
    "$date": "2006-02-15T04:34:33.000Z"
  },
  "films": [
    67,
    84,
    145,
    159,
    216,
    432,
    541,
    604,
    640,
    689,
    730,
    784,
    785,
    886,
    953
  ]
},{
  "_id": {
    "$oid": "643889742803eb7e4892b094"
  },
  "actor_id": 200,
  "first_name": "THORA",
  "last_name": "TEMPLE",
  "last_update": {
    "$date": "2006-02-15T04:34:33.000Z"
  },
  "films": [
    5,
    49,
    80,
    116,
    121,
    149,
    346,
    419,
    462,
    465,
    474,
    537,
    538,
    544,
    714,
    879,
    912,
    945,
    958,
    993
  ]
}]