[{
  "_id": {
    "$oid": "6441726d81fca5144d16e7c9"
  },
  "rental_id": 16006,
  "rental_date": "2005-08-23 21:01:09",
  "inventory_id": 240,
  "customer_id": 533,
  "return_date": "2005-08-25 19:33:09",
  "staff_id": 1,
  "last_update": "2006-02-15 21:30:53",
  "payments": [
    {
      "customer_id": 533,
      "staff_id": 2,
      "amount": 0.99,
      "payment_date": "2005-08-23 21:01:09",
      "last_update": "2006-02-15 22:21:18"
    }
  ]
},{
  "_id": {
    "$oid": "6441726d81fca5144d16e7ca"
  },
  "rental_id": 16007,
  "rental_date": "2005-08-23 21:02:43",
  "inventory_id": 3236,
  "customer_id": 126,
  "return_date": "2005-08-30 23:37:43",
  "staff_id": 2,
  "last_update": "2006-02-15 21:30:53",
  "payments": [
    {
      "customer_id": 126,
      "staff_id": 1,
      "amount": 7.99,
      "payment_date": "2005-08-23 21:02:43",
      "last_update": "2006-02-15 22:13:14"
    }
  ]
},{
  "_id": {
    "$oid": "6441726d81fca5144d16e7cb"
  },
  "rental_id": 16008,
  "rental_date": "2005-08-23 21:04:51",
  "inventory_id": 3273,
  "customer_id": 189,
  "return_date": "2005-08-31 22:09:51",
  "staff_id": 1,
  "last_update": "2006-02-15 21:30:53",
  "payments": [
    {
      "customer_id": 189,
      "staff_id": 1,
      "amount": 5.99,
      "payment_date": "2005-08-23 21:04:51",
      "last_update": "2006-02-15 22:13:56"
    }
  ]
},{
  "_id": {
    "$oid": "6441726d81fca5144d16e7cc"
  },
  "rental_id": 16009,
  "rental_date": "2005-08-23 21:07:59",
  "inventory_id": 3055,
  "customer_id": 133,
  "return_date": "2005-08-29 16:54:59",
  "staff_id": 2,
  "last_update": "2006-02-15 21:30:53",
  "payments": [
    {
      "customer_id": 133,
      "staff_id": 1,
      "amount": 6.99,
      "payment_date": "2005-08-23 21:07:59",
      "last_update": "2006-02-15 22:13:18"
    }
  ]
},{
  "_id": {
    "$oid": "6441726d81fca5144d16e7cd"
  },
  "rental_id": 16010,
  "rental_date": "2005-08-23 21:10:24",
  "inventory_id": 2539,
  "customer_id": 173,
  "return_date": "2005-08-25 17:58:24",
  "staff_id": 1,
  "last_update": "2006-02-15 21:30:53",
  "payments": [
    {
      "customer_id": 173,
      "staff_id": 1,
      "amount": 2.99,
      "payment_date": "2005-08-23 21:10:24",
      "last_update": "2006-02-15 22:13:44"
    }
  ]
},{
  "_id": {
    "$oid": "6441726d81fca5144d16e7ce"
  },
  "rental_id": 16011,
  "rental_date": "2005-08-23 21:11:33",
  "inventory_id": 1093,
  "customer_id": 389,
  "return_date": "2005-08-31 17:51:33",
  "staff_id": 1,
  "last_update": "2006-02-15 21:30:53",
  "payments": [
    {
      "customer_id": 389,
      "staff_id": 2,
      "amount": 9.99,
      "payment_date": "2005-08-23 21:11:33",
      "last_update": "2006-02-15 22:17:34"
    }
  ]
},{
  "_id": {
    "$oid": "6441726d81fca5144d16e7cf"
  },
  "rental_id": 16012,
  "rental_date": "2005-08-23 21:13:39",
  "inventory_id": 2421,
  "customer_id": 80,
  "return_date": "2005-08-30 23:52:39",
  "staff_id": 2,
  "last_update": "2006-02-15 21:30:53",
  "payments": [
    {
      "customer_id": 80,
      "staff_id": 1,
      "amount": 5.99,
      "payment_date": "2005-08-23 21:13:39",
      "last_update": "2006-02-15 22:12:52"
    }
  ]
},{
  "_id": {
    "$oid": "6441726d81fca5144d16e7d0"
  },
  "rental_id": 16013,
  "rental_date": "2005-08-23 21:17:17",
  "inventory_id": 561,
  "customer_id": 462,
  "return_date": "2005-08-26 21:15:17",
  "staff_id": 1,
  "last_update": "2006-02-15 21:30:53",
  "payments": [
    {
      "customer_id": 462,
      "staff_id": 1,
      "amount": 0.99,
      "payment_date": "2005-08-23 21:17:17",
      "last_update": "2006-02-15 22:19:23"
    }
  ]
},{
  "_id": {
    "$oid": "6441726d81fca5144d16e7d1"
  },
  "rental_id": 16014,
  "rental_date": "2005-08-23 21:18:31",
  "inventory_id": 3322,
  "customer_id": 532,
  "return_date": "2005-08-31 17:28:31",
  "staff_id": 2,
  "last_update": "2006-02-15 21:30:53",
  "payments": [
    {
      "customer_id": 532,
      "staff_id": 1,
      "amount": 5.99,
      "payment_date": "2005-08-23 21:18:31",
      "last_update": "2006-02-15 22:21:16"
    }
  ]
},{
  "_id": {
    "$oid": "6441726d81fca5144d16e7d2"
  },
  "rental_id": 16015,
  "rental_date": "2005-08-23 21:25:03",
  "inventory_id": 3113,
  "customer_id": 50,
  "return_date": "2005-08-24 20:05:03",
  "staff_id": 2,
  "last_update": "2006-02-15 21:30:53",
  "payments": [
    {
      "customer_id": 50,
      "staff_id": 1,
      "amount": 4.99,
      "payment_date": "2005-08-23 21:25:03",
      "last_update": "2006-02-15 22:12:41"
    }
  ]
},{
  "_id": {
    "$oid": "6441726d81fca5144d16e7d3"
  },
  "rental_id": 16016,
  "rental_date": "2005-08-23 21:26:35",
  "inventory_id": 3374,
  "customer_id": 595,
  "return_date": "2005-08-28 16:06:35",
  "staff_id": 2,
  "last_update": "2006-02-15 21:30:53",
  "payments": [
    {
      "customer_id": 595,
      "staff_id": 2,
      "amount": 2.99,
      "payment_date": "2005-08-23 21:26:35",
      "last_update": "2006-02-15 22:23:50"
    }
  ]
},{
  "_id": {
    "$oid": "6441726d81fca5144d16e7d4"
  },
  "rental_id": 16017,
  "rental_date": "2005-08-23 21:27:11",
  "inventory_id": 664,
  "customer_id": 535,
  "return_date": "2005-08-24 23:22:11",
  "staff_id": 1,
  "last_update": "2006-02-15 21:30:53",
  "payments": [
    {
      "customer_id": 535,
      "staff_id": 1,
      "amount": 0.99,
      "payment_date": "2005-08-23 21:27:11",
      "last_update": "2006-02-15 22:21:22"
    }
  ]
},{
  "_id": {
    "$oid": "6441726d81fca5144d16e7d5"
  },
  "rental_id": 16018,
  "rental_date": "2005-08-23 21:27:35",
  "inventory_id": 897,
  "customer_id": 439,
  "return_date": "2005-08-30 00:36:35",
  "staff_id": 1,
  "last_update": "2006-02-15 21:30:53",
  "payments": [
    {
      "customer_id": 439,
      "staff_id": 1,
      "amount": 0.99,
      "payment_date": "2005-08-23 21:27:35",
      "last_update": "2006-02-15 22:18:47"
    }
  ]
},{
  "_id": {
    "$oid": "6441726d81fca5144d16e7d6"
  },
  "rental_id": 16019,
  "rental_date": "2005-08-23 21:30:45",
  "inventory_id": 3093,
  "customer_id": 278,
  "return_date": "2005-08-27 23:45:45",
  "staff_id": 2,
  "last_update": "2006-02-15 21:30:53",
  "payments": [
    {
      "customer_id": 278,
      "staff_id": 1,
      "amount": 4.99,
      "payment_date": "2005-08-23 21:30:45",
      "last_update": "2006-02-15 22:15:19"
    }
  ]
},{
  "_id": {
    "$oid": "6441726d81fca5144d16e7d7"
  },
  "rental_id": 16020,
  "rental_date": "2005-08-23 21:34:33",
  "inventory_id": 277,
  "customer_id": 311,
  "return_date": "2005-09-01 18:17:33",
  "staff_id": 1,
  "last_update": "2006-02-15 21:30:53",
  "payments": [
    {
      "customer_id": 311,
      "staff_id": 1,
      "amount": 8.99,
      "payment_date": "2005-08-23 21:34:33",
      "last_update": "2006-02-15 22:15:55"
    }
  ]
},{
  "_id": {
    "$oid": "6441726d81fca5144d16e7d8"
  },
  "rental_id": 16021,
  "rental_date": "2005-08-23 21:37:59",
  "inventory_id": 3057,
  "customer_id": 314,
  "return_date": "2005-08-31 01:52:59",
  "staff_id": 1,
  "last_update": "2006-02-15 21:30:53",
  "payments": [
    {
      "customer_id": 314,
      "staff_id": 2,
      "amount": 3.99,
      "payment_date": "2005-08-23 21:37:59",
      "last_update": "2006-02-15 22:15:58"
    }
  ]
},{
  "_id": {
    "$oid": "6441726d81fca5144d16e7d9"
  },
  "rental_id": 16022,
  "rental_date": "2005-08-23 21:44:27",
  "inventory_id": 2925,
  "customer_id": 504,
  "return_date": "2005-08-28 01:52:27",
  "staff_id": 1,
  "last_update": "2006-02-15 21:30:53",
  "payments": [
    {
      "customer_id": 504,
      "staff_id": 2,
      "amount": 4.99,
      "payment_date": "2005-08-23 21:44:27",
      "last_update": "2006-02-15 22:20:29"
    }
  ]
},{
  "_id": {
    "$oid": "6441726d81fca5144d16e7da"
  },
  "rental_id": 16023,
  "rental_date": "2005-08-23 21:45:02",
  "inventory_id": 2347,
  "customer_id": 124,
  "return_date": "2005-08-24 21:28:02",
  "staff_id": 1,
  "last_update": "2006-02-15 21:30:53",
  "payments": [
    {
      "customer_id": 124,
      "staff_id": 2,
      "amount": 0.99,
      "payment_date": "2005-08-23 21:45:02",
      "last_update": "2006-02-15 22:13:13"
    }
  ]
},{
  "_id": {
    "$oid": "6441726d81fca5144d16e7db"
  },
  "rental_id": 16024,
  "rental_date": "2005-08-23 21:46:47",
  "inventory_id": 2910,
  "customer_id": 473,
  "return_date": "2005-08-27 02:06:47",
  "staff_id": 1,
  "last_update": "2006-02-15 21:30:53",
  "payments": [
    {
      "customer_id": 473,
      "staff_id": 2,
      "amount": 4.99,
      "payment_date": "2005-08-23 21:46:47",
      "last_update": "2006-02-15 22:19:41"
    }
  ]
},{
  "_id": {
    "$oid": "6441726d81fca5144d16e7dc"
  },
  "rental_id": 16025,
  "rental_date": "2005-08-23 21:48:54",
  "inventory_id": 1777,
  "customer_id": 569,
  "return_date": "2005-08-24 22:05:54",
  "staff_id": 2,
  "last_update": "2006-02-15 21:30:53",
  "payments": [
    {
      "customer_id": 569,
      "staff_id": 2,
      "amount": 4.99,
      "payment_date": "2005-08-23 21:48:54",
      "last_update": "2006-02-15 22:22:18"
    }
  ]
},{
  "_id": {
    "$oid": "6441726d81fca5144d16e7dd"
  },
  "rental_id": 16026,
  "rental_date": "2005-08-23 21:49:22",
  "inventory_id": 467,
  "customer_id": 484,
  "return_date": "2005-08-27 00:47:22",
  "staff_id": 1,
  "last_update": "2006-02-15 21:30:53",
  "payments": [
    {
      "customer_id": 484,
      "staff_id": 1,
      "amount": 4.99,
      "payment_date": "2005-08-23 21:49:22",
      "last_update": "2006-02-15 22:19:58"
    }
  ]
},{
  "_id": {
    "$oid": "6441726d81fca5144d16e7de"
  },
  "rental_id": 16028,
  "rental_date": "2005-08-23 21:52:56",
  "inventory_id": 2515,
  "customer_id": 119,
  "return_date": "2005-08-30 18:16:56",
  "staff_id": 2,
  "last_update": "2006-02-15 21:30:53",
  "payments": [
    {
      "customer_id": 119,
      "staff_id": 2,
      "amount": 3.99,
      "payment_date": "2005-08-23 21:52:56",
      "last_update": "2006-02-15 22:13:10"
    }
  ]
},{
  "_id": {
    "$oid": "6441726d81fca5144d16e7df"
  },
  "rental_id": 16029,
  "rental_date": "2005-08-23 21:54:02",
  "inventory_id": 953,
  "customer_id": 143,
  "return_date": "2005-08-29 23:55:02",
  "staff_id": 1,
  "last_update": "2006-02-15 21:30:53",
  "payments": [
    {
      "customer_id": 143,
      "staff_id": 1,
      "amount": 4.99,
      "payment_date": "2005-08-23 21:54:02",
      "last_update": "2006-02-15 22:13:24"
    }
  ]
},{
  "_id": {
    "$oid": "6441726d81fca5144d16e7e0"
  },
  "rental_id": 16030,
  "rental_date": "2005-08-23 21:56:04",
  "inventory_id": 4161,
  "customer_id": 137,
  "return_date": "2005-08-31 01:24:04",
  "staff_id": 2,
  "last_update": "2006-02-15 21:30:53",
  "payments": [
    {
      "customer_id": 137,
      "staff_id": 1,
      "amount": 9.99,
      "payment_date": "2005-08-23 21:56:04",
      "last_update": "2006-02-15 22:13:20"
    }
  ]
},{
  "_id": {
    "$oid": "6441726d81fca5144d16e7e1"
  },
  "rental_id": 16031,
  "rental_date": "2005-08-23 21:59:26",
  "inventory_id": 1843,
  "customer_id": 102,
  "return_date": "2005-08-29 20:15:26",
  "staff_id": 1,
  "last_update": "2006-02-15 21:30:53",
  "payments": [
    {
      "customer_id": 102,
      "staff_id": 2,
      "amount": 3.99,
      "payment_date": "2005-08-23 21:59:26",
      "last_update": "2006-02-15 22:13:01"
    }
  ]
},{
  "_id": {
    "$oid": "6441726d81fca5144d16e7e2"
  },
  "rental_id": 16032,
  "rental_date": "2005-08-23 21:59:57",
  "inventory_id": 2527,
  "customer_id": 447,
  "return_date": "2005-08-31 22:46:57",
  "staff_id": 2,
  "last_update": "2006-02-15 21:30:53",
  "payments": [
    {
      "customer_id": 447,
      "staff_id": 2,
      "amount": 4.99,
      "payment_date": "2005-08-23 21:59:57",
      "last_update": "2006-02-15 22:19:00"
    }
  ]
},{
  "_id": {
    "$oid": "6441726d81fca5144d16e7e3"
  },
  "rental_id": 16033,
  "rental_date": "2005-08-23 22:06:15",
  "inventory_id": 760,
  "customer_id": 226,
  "return_date": "2005-09-01 02:36:15",
  "staff_id": 2,
  "last_update": "2006-02-15 21:30:53",
  "payments": [
    {
      "customer_id": 226,
      "staff_id": 1,
      "amount": 5.99,
      "payment_date": "2005-08-23 22:06:15",
      "last_update": "2006-02-15 22:14:26"
    }
  ]
},{
  "_id": {
    "$oid": "6441726d81fca5144d16e7e4"
  },
  "rental_id": 16034,
  "rental_date": "2005-08-23 22:06:34",
  "inventory_id": 655,
  "customer_id": 502,
  "return_date": "2005-08-29 18:44:34",
  "staff_id": 1,
  "last_update": "2006-02-15 21:30:53",
  "payments": [
    {
      "customer_id": 502,
      "staff_id": 1,
      "amount": 3.99,
      "payment_date": "2005-08-23 22:06:34",
      "last_update": "2006-02-15 22:20:26"
    }
  ]
},{
  "_id": {
    "$oid": "6441726d81fca5144d16e7e5"
  },
  "rental_id": 16035,
  "rental_date": "2005-08-23 22:08:04",
  "inventory_id": 549,
  "customer_id": 37,
  "return_date": "2005-08-28 03:46:04",
  "staff_id": 1,
  "last_update": "2006-02-15 21:30:53",
  "payments": [
    {
      "customer_id": 37,
      "staff_id": 2,
      "amount": 0.99,
      "payment_date": "2005-08-23 22:08:04",
      "last_update": "2006-02-15 22:12:37"
    }
  ]
},{
  "_id": {
    "$oid": "6441726d81fca5144d16e7e6"
  },
  "rental_id": 16036,
  "rental_date": "2005-08-23 22:12:44",
  "inventory_id": 1372,
  "customer_id": 425,
  "return_date": "2005-08-25 17:48:44",
  "staff_id": 2,
  "last_update": "2006-02-15 21:30:53",
  "payments": [
    {
      "customer_id": 425,
      "staff_id": 2,
      "amount": 2.99,
      "payment_date": "2005-08-23 22:12:44",
      "last_update": "2006-02-15 22:18:28"
    }
  ]
},{
  "_id": {
    "$oid": "6441726d81fca5144d16e7e7"
  },
  "rental_id": 16037,
  "rental_date": "2005-08-23 22:13:04",
  "inventory_id": 341,
  "customer_id": 45,
  "return_date": "2005-09-01 02:48:04",
  "staff_id": 2,
  "last_update": "2006-02-15 21:30:53",
  "payments": [
    {
      "customer_id": 45,
      "staff_id": 2,
      "amount": 7.99,
      "payment_date": "2005-08-23 22:13:04",
      "last_update": "2006-02-15 22:12:40"
    }
  ]
},{
  "_id": {
    "$oid": "6441726d81fca5144d16e7e8"
  },
  "rental_id": 16038,
  "rental_date": "2005-08-23 22:14:31",
  "inventory_id": 2612,
  "customer_id": 172,
  "return_date": "2005-08-30 03:28:31",
  "staff_id": 1,
  "last_update": "2006-02-15 21:30:53",
  "payments": [
    {
      "customer_id": 172,
      "staff_id": 2,
      "amount": 3.99,
      "payment_date": "2005-08-23 22:14:31",
      "last_update": "2006-02-15 22:13:44"
    }
  ]
},{
  "_id": {
    "$oid": "6441726d81fca5144d16e7e9"
  },
  "rental_id": 16039,
  "rental_date": "2005-08-23 22:18:51",
  "inventory_id": 545,
  "customer_id": 78,
  "return_date": "2005-08-31 19:55:51",
  "staff_id": 2,
  "last_update": "2006-02-15 21:30:53",
  "payments": [
    {
      "customer_id": 78,
      "staff_id": 2,
      "amount": 2.99,
      "payment_date": "2005-08-23 22:18:51",
      "last_update": "2006-02-15 22:12:51"
    }
  ]
},{
  "_id": {
    "$oid": "6441726d81fca5144d16e7ea"
  },
  "rental_id": 16040,
  "rental_date": "2005-08-23 22:19:33",
  "inventory_id": 3524,
  "customer_id": 195,
  "return_date": "2005-09-02 02:19:33",
  "staff_id": 2,
  "last_update": "2006-02-15 21:30:53",
  "payments": [
    {
      "customer_id": 195,
      "staff_id": 2,
      "amount": 11.99,
      "payment_date": "2005-08-23 22:19:33",
      "last_update": "2006-02-15 22:14:00"
    }
  ]
},{
  "_id": {
    "$oid": "6441726d81fca5144d16e7eb"
  },
  "rental_id": 16041,
  "rental_date": "2005-08-23 22:20:26",
  "inventory_id": 4116,
  "customer_id": 121,
  "return_date": "2005-08-25 20:14:26",
  "staff_id": 2,
  "last_update": "2006-02-15 21:30:53",
  "payments": [
    {
      "customer_id": 121,
      "staff_id": 1,
      "amount": 2.99,
      "payment_date": "2005-08-23 22:20:26",
      "last_update": "2006-02-15 22:13:11"
    }
  ]
},{
  "_id": {
    "$oid": "6441726d81fca5144d16e7ec"
  },
  "rental_id": 16042,
  "rental_date": "2005-08-23 22:20:40",
  "inventory_id": 629,
  "customer_id": 131,
  "return_date": "2005-08-24 17:54:40",
  "staff_id": 1,
  "last_update": "2006-02-15 21:30:53",
  "payments": [
    {
      "customer_id": 131,
      "staff_id": 1,
      "amount": 2.99,
      "payment_date": "2005-08-23 22:20:40",
      "last_update": "2006-02-15 22:13:17"
    }
  ]
},{
  "_id": {
    "$oid": "6441726d81fca5144d16e7ed"
  },
  "rental_id": 16043,
  "rental_date": "2005-08-23 22:21:03",
  "inventory_id": 3869,
  "customer_id": 526,
  "return_date": "2005-08-31 03:09:03",
  "staff_id": 2,
  "last_update": "2006-02-15 21:30:53",
  "payments": [
    {
      "customer_id": 526,
      "staff_id": 1,
      "amount": 9.99,
      "payment_date": "2005-08-23 22:21:03",
      "last_update": "2006-02-15 22:21:06"
    }
  ]
},{
  "_id": {
    "$oid": "6441726d81fca5144d16e7ee"
  },
  "rental_id": 16044,
  "rental_date": "2005-08-23 22:24:39",
  "inventory_id": 1312,
  "customer_id": 468,
  "return_date": "2005-08-25 04:08:39",
  "staff_id": 1,
  "last_update": "2006-02-15 21:30:53",
  "payments": [
    {
      "customer_id": 468,
      "staff_id": 2,
      "amount": 0.99,
      "payment_date": "2005-08-23 22:24:39",
      "last_update": "2006-02-15 22:19:32"
    }
  ]
},{
  "_id": {
    "$oid": "6441726d81fca5144d16e7ef"
  },
  "rental_id": 16045,
  "rental_date": "2005-08-23 22:25:26",
  "inventory_id": 772,
  "customer_id": 14,
  "return_date": "2005-08-25 23:54:26",
  "staff_id": 1,
  "last_update": "2006-02-15 21:30:53",
  "payments": [
    {
      "customer_id": 14,
      "staff_id": 1,
      "amount": 0.99,
      "payment_date": "2005-08-23 22:25:26",
      "last_update": "2006-02-15 22:12:32"
    }
  ]
},{
  "_id": {
    "$oid": "6441726d81fca5144d16e7f0"
  },
  "rental_id": 16027,
  "rental_date": "2005-08-23 21:49:33",
  "inventory_id": 1724,
  "customer_id": 160,
  "return_date": "2005-08-30 16:19:33",
  "staff_id": 2,
  "last_update": "2006-02-15 21:30:53",
  "payments": [
    {
      "customer_id": 160,
      "staff_id": 1,
      "amount": 3.99,
      "payment_date": "2005-08-23 21:49:33",
      "last_update": "2006-02-15 22:13:36"
    }
  ]
},{
  "_id": {
    "$oid": "6441726d81fca5144d16e7f1"
  },
  "rental_id": 16046,
  "rental_date": "2005-08-23 22:26:47",
  "inventory_id": 4364,
  "customer_id": 74,
  "return_date": "2005-08-27 18:02:47",
  "staff_id": 2,
  "last_update": "2006-02-15 21:30:53",
  "payments": [
    {
      "customer_id": 74,
      "staff_id": 1,
      "amount": 0.99,
      "payment_date": "2005-08-23 22:26:47",
      "last_update": "2006-02-15 22:12:49"
    }
  ]
},{
  "_id": {
    "$oid": "6441726d81fca5144d16e7f2"
  },
  "rental_id": 16047,
  "rental_date": "2005-08-23 22:42:48",
  "inventory_id": 2088,
  "customer_id": 114,
  "return_date": "2005-08-25 02:48:48",
  "staff_id": 2,
  "last_update": "2006-02-15 21:30:53",
  "payments": [
    {
      "customer_id": 114,
      "staff_id": 1,
      "amount": 0.99,
      "payment_date": "2005-08-23 22:42:48",
      "last_update": "2006-02-15 22:13:07"
    }
  ]
},{
  "_id": {
    "$oid": "6441726d81fca5144d16e7f3"
  },
  "rental_id": 16048,
  "rental_date": "2005-08-23 22:43:07",
  "inventory_id": 2019,
  "customer_id": 103,
  "return_date": "2005-08-31 21:33:07",
  "staff_id": 1,
  "last_update": "2006-02-15 21:30:53",
  "payments": [
    {
      "customer_id": 103,
      "staff_id": 2,
      "amount": 8.99,
      "payment_date": "2005-08-23 22:43:07",
      "last_update": "2006-02-15 22:13:02"
    }
  ]
},{
  "_id": {
    "$oid": "6441726d81fca5144d16e7f4"
  },
  "rental_id": 16049,
  "rental_date": "2005-08-23 22:50:12",
  "inventory_id": 2666,
  "customer_id": 393,
  "return_date": "2005-08-30 01:01:12",
  "staff_id": 2,
  "last_update": "2006-02-15 21:30:53",
  "payments": [
    {
      "customer_id": 393,
      "staff_id": 2,
      "amount": 3.99,
      "payment_date": "2005-08-23 22:50:12",
      "last_update": "2006-02-15 22:17:40"
    }
  ]
}]