[{
  "_id": {
    "$oid": "644177ac6cdfdeceeb008df5"
  },
  "staff_id": 1,
  "first_name": "Mike",
  "last_name": "Hillyer",
  "address_id": 3,
  "email": "Mike.Hillyer@sakilastaff.com",
  "store_id": 1,
  "active": 1,
  "username": "Mike",
  "password": "8cb2237d0679ca88db6464eac60da96345513964",
  "last_update": "2006-02-15 03:57:16"
},{
  "_id": {
    "$oid": "644177ac6cdfdeceeb008df6"
  },
  "staff_id": 2,
  "first_name": "Jon",
  "last_name": "Stephens",
  "address_id": 4,
  "email": "Jon.Stephens@sakilastaff.com",
  "store_id": 2,
  "active": 1,
  "username": "Jon",
  "password": "\\N",
  "last_update": "2006-02-15 03:57:16"
}]