[{
  "_id": {
    "$oid": "6441784e6d0e388a921f33a0"
  },
  "store_id": 1,
  "staff": [
    {
      "address": {
        "address": "23 Workhaven Lane",
        "address2": "\\N",
        "district": "Alberta",
        "postal_code": "",
        "phone": {
          "$numberLong": "14033335568"
        },
        "last_update": "2014-09-25 22:30:27",
        "country": "Canada",
        "city": "Lethbridge"
      },
      "staff_id": 1,
      "first_name": "Mike",
      "last_name": "Hillyer",
      "email": "Mike.Hillyer@sakilastaff.com",
      "username": "Mike",
      "password": "8cb2237d0679ca88db6464eac60da96345513964",
      "last_update": "2006-02-15 03:57:16"
    }
  ],
  "inventory": [
    1,
    2,
    3,
    4,
    16,
    17,
    18,
    19,
    26,
    27,
    28,
    32,
    33,
    41,
    42,
    43,
    46,
    47,
    48,
    49,
    53,
    54,
    55,
    56,
    60,
    61,
    62,
    71,
    72,
    77,
    78,
    81,
    82,
    83,
    87,
    88,
    89,
    93,
    94,
    95,
    96,
    99,
    100,
    101,
    102,
    103,
    108,
    109,
    110,
    111,
    115,
    116,
    117,
    120,
    121,
    122,
    123,
    124,
    125,
    126,
    127,
    130,
    131,
    135,
    136,
    137,
    138,
    139,
    140,
    141,
    142,
    143,
    144,
    145,
    146,
    147,
    148,
    149,
    160,
    161,
    162,
    163,
    167,
    168,
    169,
    170,
    174,
    175,
    176,
    189,
    190,
    191,
    196,
    197,
    201,
    202,
    203,
    204,
    212,
    213,
    216,
    217,
    218,
    222,
    223,
    224,
    227,
    228,
    235,
    236,
    237,
    238,
    239,
    242,
    243,
    244,
    245,
    248,
    249,
    250,
    253,
    254,
    255,
    256,
    264,
    265,
    266,
    269,
    270,
    271,
    272,
    273,
    274,
    275,
    280,
    281,
    291,
    292,
    293,
    294,
    295,
    300,
    301,
    304,
    305,
    306,
    307,
    312,
    313,
    320,
    321,
    322,
    323,
    326,
    327,
    328,
    329,
    334,
    335,
    336,
    342,
    343,
    344,
    345,
    346,
    347,
    348,
    351,
    352,
    353,
    358,
    359,
    360,
    364,
    365,
    366,
    367,
    368,
    369,
    370,
    371,
    372,
    373,
    374,
    375,
    376,
    379,
    380,
    381,
    382,
    387,
    388,
    389,
    390,
    399,
    400,
    401,
    405,
    406,
    407,
    411,
    412,
    413,
    414,
    419,
    420,
    426,
    427,
    428,
    429,
    433,
    434,
    435,
    436,
    437,
    438,
    439,
    442,
    443,
    444,
    445,
    446,
    447,
    451,
    452,
    453,
    454,
    457,
    458,
    459,
    460,
    465,
    466,
    467,
    468,
    476,
    477,
    481,
    482,
    485,
    486,
    487,
    488,
    493,
    494,
    495,
    496,
    501,
    502,
    503,
    504,
    512,
    513,
    514,
    515,
    519,
    520,
    521,
    526,
    527,
    532,
    533,
    534,
    535,
    538,
    539,
    540,
    541,
    544,
    545,
    546,
    551,
    552,
    553,
    554,
    555,
    556,
    560,
    561,
    562,
    563,
    567,
    568,
    580,
    581,
    582,
    583,
    588,
    589,
    590,
    594,
    595,
    600,
    601,
    602,
    603,
    606,
    607,
    608,
    609,
    612,
    613,
    619,
    620,
    621,
    626,
    627,
    628,
    633,
    634,
    638,
    639,
    640,
    641,
    644,
    645,
    649,
    650,
    651,
    654,
    655,
    656,
    659,
    660,
    661,
    662,
    669,
    670,
    671,
    672,
    673,
    674,
    678,
    679,
    680,
    684,
    685,
    690,
    691,
    694,
    695,
    696,
    697,
    698,
    699,
    700,
    701,
    702,
    703,
    704,
    709,
    710,
    719,
    720,
    724,
    725,
    726,
    727,
    731,
    732,
    736,
    737,
    738,
    739,
    740,
    748,
    749,
    753,
    754,
    755,
    758,
    759,
    760,
    761,
    764,
    765,
    766,
    767,
    771,
    772,
    773,
    774,
    777,
    778,
    783,
    784,
    785,
    786,
    790,
    791,
    792,
    795,
    796,
    797,
    798,
    803,
    804,
    808,
    809,
    817,
    818,
    819,
    820,
    821,
    822,
    825,
    826,
    827,
    832,
    833,
    834,
    835,
    836,
    840,
    841,
    845,
    846,
    847,
    848,
    854,
    855,
    856,
    857,
    858,
    867,
    868,
    869,
    873,
    874,
    875,
    876,
    881,
    882,
    885,
    886,
    887,
    888,
    889,
    890,
    891,
    892,
    897,
    898,
    899,
    900,
    905,
    906,
    907,
    908,
    909,
    910,
    911,
    916,
    917,
    918,
    919,
    922,
    923,
    924,
    925,
    926,
    927,
    928,
    929,
    934,
    935,
    936,
    937,
    938,
    939,
    940,
    941,
    942,
    943,
    944,
    948,
    949,
    950,
    951,
    952,
    955,
    956,
    957,
    958,
    963,
    964,
    965,
    969,
    970,
    974,
    975,
    976,
    977,
    981,
    982,
    983,
    984,
    985,
    986,
    987,
    988,
    993,
    994,
    1001,
    1002,
    1003,
    1004,
    1005,
    1006,
    1007,
    1011,
    1012,
    1013,
    1016,
    1017,
    1018,
    1023,
    1024,
    1027,
    1028,
    1029,
    1030,
    1031,
    1032,
    1037,
    1038,
    1039,
    1042,
    1043,
    1044,
    1045,
    1048,
    1049,
    1050,
    1051,
    1055,
    1056,
    1065,
    1066,
    1067,
    1068,
    1069,
    1070,
    1071,
    1072,
    1080,
    1081,
    1082,
    1083,
    1084,
    1085,
    1089,
    1090,
    1095,
    1096,
    1097,
    1098,
    1102,
    1103,
    1104,
    1112,
    1113,
    1114,
    1121,
    1122,
    1131,
    1132,
    1136,
    1137,
    1138,
    1142,
    1143,
    1144,
    1145,
    1148,
    1149,
    1153,
    1154,
    1155,
    1156,
    1169,
    1170,
    1175,
    1176,
    1179,
    1180,
    1181,
    1182,
    1188,
    1189,
    1190,
    1191,
    1192,
    1193,
    1194,
    1195,
    1200,
    1201,
    1202,
    1203,
    1208,
    1209,
    1214,
    1215,
    1216,
    1221,
    1222,
    1223,
    1226,
    1227,
    1228,
    1229,
    1230,
    1231,
    1232,
    1233,
    1237,
    1238,
    1239,
    1244,
    1245,
    1246,
    1249,
    1250,
    1251,
    1252,
    1253,
    1254,
    1255,
    1256,
    1257,
    1258,
    1259,
    1260,
    1261,
    1262,
    1263,
    1266,
    1267,
    1272,
    1273,
    1274,
    1278,
    1279,
    1280,
    1281,
    1282,
    1283,
    1288,
    1289,
    1290,
    1295,
    1296,
    1300,
    1301,
    1304,
    1305,
    1310,
    1311,
    1312,
    1313,
    1314,
    1315,
    1316,
    1317,
    1318,
    1319,
    1320,
    1321,
    1325,
    1326,
    1330,
    1331,
    1335,
    1336,
    1337,
    1338,
    1343,
    1344,
    1345,
    1346,
    1349,
    1350,
    1354,
    1355,
    1356,
    1357,
    1358,
    1359,
    1364,
    1365,
    1366,
    1367,
    1372,
    1373,
    1378,
    1379,
    1380,
    1381,
    1384,
    1385,
    1386,
    1387,
    1390,
    1391,
    1392,
    1393,
    1397,
    1398,
    1399,
    1400,
    1401,
    1402,
    1406,
    1407,
    1410,
    1411,
    1416,
    1417,
    1418,
    1419,
    1420,
    1428,
    1429,
    1430,
    1431,
    1434,
    1435,
    1445,
    1446,
    1447,
    1448,
    1452,
    1453,
    1454,
    1459,
    1460,
    1461,
    1466,
    1467,
    1468,
    1469,
    1470,
    1471,
    1472,
    1473,
    1480,
    1481,
    1482,
    1485,
    1486,
    1491,
    1492,
    1493,
    1494,
    1501,
    1502,
    1503,
    1507,
    1508,
    1509,
    1510,
    1514,
    1515,
    1516,
    1517,
    1522,
    1523,
    1526,
    1527,
    1532,
    1533,
    1534,
    1535,
    1536,
    1539,
    1540,
    1549,
    1550,
    1551,
    1552,
    1553,
    1554,
    1559,
    1560,
    1561,
    1562,
    1563,
    1564,
    1565,
    1566,
    1567,
    1570,
    1571,
    1572,
    1575,
    1576,
    1581,
    1582,
    1583,
    1584,
    1589,
    1590,
    1591,
    1592,
    1596,
    1597,
    1598,
    1599,
    1604,
    1605,
    1606,
    1614,
    1615,
    1620,
    1621,
    1622,
    1627,
    1628,
    1629,
    1630,
    1639,
    1640,
    1641,
    1642,
    1647,
    1648,
    1649,
    1650,
    1651,
    1652,
    1653,
    1654,
    1659,
    1660,
    1661,
    1662,
    1663,
    1667,
    1668,
    1669,
    1670,
    1671,
    1674,
    1675,
    1676,
    1677,
    1681,
    1682,
    1683,
    1684,
    1688,
    1689,
    1690,
    1691,
    1692,
    1693,
    1698,
    1699,
    1700,
    1703,
    1704,
    1705,
    1706,
    1707,
    1708,
    1709,
    1710,
    1713,
    1714,
    1715,
    1720,
    1721,
    1722,
    1723,
    1724,
    1725,
    1729,
    1730,
    1731,
    1735,
    1736,
    1737,
    1738,
    1747,
    1748,
    1752,
    1753,
    1757,
    1758,
    1759,
    1760,
    1765,
    1766,
    1767,
    1773,
    1774,
    1778,
    1779,
    1780,
    1784,
    1785,
    1786,
    1790,
    1791,
    1794,
    1795,
    1796,
    1797,
    1798,
    1799,
    1800,
    1804,
    1805,
    1806,
    1807,
    1810,
    1811,
    1812,
    1813,
    1814,
    1815,
    1816,
    1817,
    1818,
    1826,
    1827,
    1828,
    1839,
    1840,
    1841,
    1842,
    1843,
    1844,
    1845,
    1849,
    1850,
    1851,
    1852,
    1859,
    1860,
    1865,
    1866,
    1867,
    1868,
    1869,
    1870,
    1874,
    1875,
    1876,
    1877,
    1881,
    1882,
    1883,
    1886,
    1887,
    1888,
    1889,
    1890,
    1891,
    1896,
    1897,
    1898,
    1899,
    1900,
    1901,
    1905,
    1906,
    1907,
    1911,
    1912,
    1917,
    1918,
    1919,
    1920,
    1923,
    1924,
    1925,
    1926,
    1931,
    1932,
    1942,
    1943,
    1946,
    1947,
    1948,
    1956,
    1957,
    1958,
    1959,
    1960,
    1961,
    1962,
    1963,
    1966,
    1967,
    1979,
    1980,
    1981,
    1984,
    1985,
    1986,
    1987,
    1990,
    1991,
    1992,
    1993,
    1998,
    1999,
    2000,
    2001,
    2002,
    2006,
    2007,
    2012,
    2013,
    2017,
    2018,
    2019,
    2020,
    2023,
    2024,
    2027,
    2028,
    2029,
    2030,
    2031,
    2032,
    2033,
    2034,
    2039,
    2040,
    2041,
    2042,
    2047,
    2048,
    2049,
    2053,
    2054,
    2057,
    2058,
    2059,
    2060,
    2064,
    2065,
    2073,
    2074,
    2075,
    2080,
    2081,
    2089,
    2090,
    2091,
    2094,
    2095,
    2096,
    2097,
    2098,
    2099,
    2100,
    2101,
    2106,
    2107,
    2112,
    2113,
    2120,
    2121,
    2122,
    2123,
    2128,
    2129,
    2134,
    2135,
    2139,
    2140,
    2141,
    2144,
    2145,
    2146,
    2147,
    2151,
    2152,
    2156,
    2157,
    2158,
    2159,
    2160,
    2161,
    2165,
    2166,
    2167,
    2168,
    2176,
    2177,
    2178,
    2179,
    2180,
    2187,
    2188,
    2198,
    2199,
    2200,
    2208,
    2209,
    2213,
    2214,
    2218,
    2219,
    2222,
    2223,
    2224,
    2228,
    2229,
    2230,
    2231,
    2232,
    2233,
    2236,
    2237,
    2238,
    2239,
    2246,
    2247,
    2248,
    2249,
    2255,
    2256,
    2260,
    2261,
    2262,
    2263,
    2268,
    2269,
    2270,
    2271,
    2276,
    2277,
    2281,
    2282,
    2283,
    2284,
    2287,
    2288,
    2292,
    2293,
    2294,
    2295,
    2296,
    2297,
    2298,
    2299,
    2304,
    2305,
    2306,
    2309,
    2310,
    2311,
    2312,
    2316,
    2317,
    2318,
    2319,
    2320,
    2321,
    2322,
    2329,
    2330,
    2331,
    2332,
    2343,
    2344,
    2345,
    2346,
    2347,
    2348,
    2352,
    2353,
    2360,
    2361,
    2373,
    2374,
    2383,
    2384,
    2385,
    2386,
    2387,
    2388,
    2394,
    2395,
    2396,
    2397,
    2402,
    2403,
    2404,
    2405,
    2414,
    2415,
    2420,
    2421,
    2422,
    2423,
    2424,
    2425,
    2426,
    2427,
    2428,
    2429,
    2430,
    2431,
    2432,
    2433,
    2442,
    2443,
    2444,
    2445,
    2446,
    2450,
    2451,
    2452,
    2453,
    2454,
    2455,
    2456,
    2465,
    2466,
    2467,
    2468,
    2469,
    2472,
    2473,
    2474,
    2475,
    2478,
    2479,
    2480,
    2481,
    2484,
    2485,
    2486,
    2487,
    2496,
    2497,
    2498,
    2499,
    2502,
    2503,
    2504,
    2505,
    2506,
    2507,
    2518,
    2519,
    2520,
    2521,
    2525,
    2526,
    2527,
    2532,
    2533,
    2534,
    2539,
    2540,
    2546,
    2547,
    2548,
    2549,
    2554,
    2555,
    2556,
    2559,
    2560,
    2561,
    2562,
    2563,
    2564,
    2565,
    2566,
    2569,
    2570,
    2571,
    2572,
    2579,
    2580,
    2581,
    2582,
    2583,
    2584,
    2587,
    2588,
    2591,
    2592,
    2593,
    2594,
    2598,
    2599,
    2604,
    2605,
    2606,
    2607,
    2612,
    2613,
    2614,
    2615,
    2616,
    2617,
    2621,
    2622,
    2630,
    2631,
    2632,
    2633,
    2634,
    2638,
    2639,
    2640,
    2641,
    2645,
    2646,
    2647,
    2648,
    2651,
    2652,
    2653,
    2656,
    2657,
    2658,
    2661,
    2662,
    2667,
    2668,
    2669,
    2670,
    2675,
    2676,
    2677,
    2686,
    2687,
    2688,
    2696,
    2697,
    2704,
    2705,
    2706,
    2707,
    2708,
    2709,
    2710,
    2715,
    2716,
    2725,
    2726,
    2727,
    2728,
    2729,
    2730,
    2731,
    2734,
    2735,
    2738,
    2739,
    2740,
    2743,
    2744,
    2748,
    2749,
    2750,
    2751,
    2759,
    2760,
    2765,
    2766,
    2771,
    2772,
    2773,
    2774,
    2779,
    2780,
    2784,
    2785,
    2786,
    2787,
    2792,
    2793,
    2794,
    2795,
    2796,
    2804,
    2805,
    2810,
    2811,
    2812,
    2817,
    2818,
    2823,
    2824,
    2828,
    2829,
    2830,
    2831,
    2838,
    2839,
    2843,
    2844,
    2845,
    2850,
    2851,
    2852,
    2864,
    2865,
    2866,
    2876,
    2877,
    2878,
    2881,
    2882,
    2883,
    2893,
    2894,
    2895,
    2896,
    2897,
    2901,
    2902,
    2903,
    2904,
    2915,
    2916,
    2917,
    2922,
    2923,
    2924,
    2928,
    2929,
    2930,
    2935,
    2936,
    2937,
    2941,
    2942,
    2943,
    2946,
    2947,
    2948,
    2952,
    2953,
    2954,
    2955,
    2958,
    2959,
    2964,
    2965,
    2970,
    2971,
    2976,
    2977,
    2978,
    2979,
    2980,
    2981,
    2982,
    2983,
    2986,
    2987,
    2988,
    2994,
    2995,
    2996,
    2997,
    3006,
    3007,
    3010,
    3011,
    3012,
    3013,
    3014,
    3015,
    3018,
    3019,
    3020,
    3023,
    3024,
    3028,
    3029,
    3030,
    3031,
    3035,
    3036,
    3037,
    3040,
    3041,
    3044,
    3045,
    3049,
    3050,
    3051,
    3052,
    3056,
    3057,
    3062,
    3063,
    3066,
    3067,
    3068,
    3069,
    3070,
    3071,
    3072,
    3077,
    3078,
    3079,
    3084,
    3085,
    3086,
    3087,
    3088,
    3089,
    3092,
    3093,
    3098,
    3099,
    3100,
    3104,
    3105,
    3106,
    3107,
    3108,
    3109,
    3110,
    3119,
    3120,
    3121,
    3122,
    3123,
    3124,
    3125,
    3134,
    3135,
    3136,
    3137,
    3140,
    3141,
    3142,
    3143,
    3146,
    3147,
    3148,
    3154,
    3155,
    3159,
    3160,
    3161,
    3162,
    3165,
    3166,
    3167,
    3168,
    3172,
    3173,
    3174,
    3175,
    3180,
    3181,
    3182,
    3183,
    3187,
    3188,
    3192,
    3193,
    3194,
    3195,
    3202,
    3203,
    3207,
    3208,
    3209,
    3210,
    3211,
    3212,
    3217,
    3218,
    3223,
    3224,
    3227,
    3228,
    3233,
    3234,
    3235,
    3236,
    3246,
    3247,
    3248,
    3249,
    3253,
    3254,
    3258,
    3259,
    3264,
    3265,
    3266,
    3267,
    3268,
    3273,
    3274,
    3275,
    3276,
    3279,
    3280,
    3281,
    3282,
    3286,
    3287,
    3292,
    3293,
    3294,
    3301,
    3302,
    3306,
    3307,
    3308,
    3315,
    3316,
    3317,
    3318,
    3326,
    3327,
    3328,
    3329,
    3330,
    3331,
    3332,
    3333,
    3337,
    3338,
    3343,
    3344,
    3345,
    3350,
    3351,
    3352,
    3353,
    3354,
    3355,
    3360,
    3361,
    3362,
    3363,
    3368,
    3369,
    3376,
    3377,
    3378,
    3379,
    3382,
    3383,
    3388,
    3389,
    3393,
    3394,
    3395,
    3396,
    3401,
    3402,
    3406,
    3407,
    3411,
    3412,
    3413,
    3414,
    3419,
    3420,
    3423,
    3424,
    3425,
    3431,
    3432,
    3433,
    3434,
    3441,
    3442,
    3443,
    3444,
    3451,
    3452,
    3453,
    3459,
    3460,
    3465,
    3466,
    3467,
    3479,
    3480,
    3481,
    3484,
    3485,
    3486,
    3487,
    3492,
    3493,
    3494,
    3495,
    3496,
    3497,
    3498,
    3499,
    3500,
    3501,
    3502,
    3507,
    3508,
    3509,
    3518,
    3519,
    3520,
    3525,
    3526,
    3527,
    3528,
    3531,
    3532,
    3533,
    3534,
    3539,
    3540,
    3541,
    3542,
    3543,
    3544,
    3545,
    3548,
    3549,
    3553,
    3554,
    3555,
    3559,
    3560,
    3561,
    3562,
    3572,
    3573,
    3574,
    3578,
    3579,
    3580,
    3581,
    3582,
    3583,
    3584,
    3588,
    3589,
    3590,
    3591,
    3594,
    3595,
    3596,
    3601,
    3602,
    3603,
    3604,
    3605,
    3608,
    3609,
    3610,
    3611,
    3616,
    3617,
    3618,
    3619,
    3623,
    3624,
    3632,
    3633,
    3634,
    3635,
    3636,
    3637,
    3640,
    3641,
    3642,
    3643,
    3644,
    3645,
    3649,
    3650,
    3654,
    3655,
    3658,
    3659,
    3660,
    3661,
    3666,
    3667,
    3668,
    3669,
    3672,
    3673,
    3674,
    3675,
    3679,
    3680,
    3684,
    3685,
    3686,
    3689,
    3690,
    3691,
    3700,
    3701,
    3702,
    3703,
    3707,
    3708,
    3709,
    3710,
    3711,
    3712,
    3720,
    3721,
    3722,
    3727,
    3728,
    3729,
    3730,
    3731,
    3732,
    3733,
    3737,
    3738,
    3739,
    3740,
    3741,
    3744,
    3745,
    3746,
    3747,
    3748,
    3749,
    3750,
    3759,
    3760,
    3761,
    3770,
    3771,
    3772,
    3775,
    3776,
    3785,
    3786,
    3794,
    3795,
    3796,
    3797,
    3798,
    3799,
    3800,
    3801,
    3802,
    3803,
    3811,
    3812,
    3813,
    3814,
    3819,
    3820,
    3821,
    3825,
    3826,
    3833,
    3834,
    3835,
    3836,
    3837,
    3838,
    3839,
    3844,
    3845,
    3848,
    3849,
    3850,
    3851,
    3855,
    3856,
    3859,
    3860,
    3861,
    3862,
    3866,
    3867,
    3868,
    3869,
    3878,
    3879,
    3880,
    3881,
    3882,
    3883,
    3884,
    3889,
    3890,
    3891,
    3896,
    3897,
    3898,
    3902,
    3903,
    3904,
    3905,
    3909,
    3910,
    3911,
    3916,
    3917,
    3920,
    3921,
    3922,
    3923,
    3928,
    3929,
    3930,
    3939,
    3940,
    3941,
    3945,
    3946,
    3947,
    3951,
    3952,
    3953,
    3956,
    3957,
    3958,
    3959,
    3963,
    3964,
    3965,
    3966,
    3969,
    3970,
    3971,
    3972,
    3977,
    3978,
    3979,
    3980,
    3981,
    3982,
    3983,
    3984,
    3985,
    3986,
    3987,
    3991,
    3992,
    3993,
    3994,
    3999,
    4000,
    4007,
    4008,
    4009,
    4010,
    4015,
    4016,
    4017,
    4022,
    4023,
    4024,
    4025,
    4026,
    4033,
    4034,
    4035,
    4036,
    4040,
    4041,
    4042,
    4043,
    4052,
    4053,
    4054,
    4055,
    4061,
    4062,
    4063,
    4064,
    4065,
    4066,
    4067,
    4068,
    4069,
    4070,
    4073,
    4074,
    4075,
    4076,
    4077,
    4078,
    4079,
    4080,
    4081,
    4082,
    4087,
    4088,
    4089,
    4094,
    4095,
    4096,
    4101,
    4102,
    4103,
    4104,
    4109,
    4110,
    4111,
    4114,
    4115,
    4116,
    4117,
    4121,
    4122,
    4125,
    4126,
    4127,
    4128,
    4133,
    4134,
    4135,
    4138,
    4139,
    4140,
    4141,
    4142,
    4145,
    4146,
    4147,
    4148,
    4152,
    4153,
    4154,
    4155,
    4161,
    4162,
    4163,
    4164,
    4165,
    4166,
    4167,
    4171,
    4172,
    4173,
    4174,
    4175,
    4176,
    4181,
    4182,
    4183,
    4184,
    4189,
    4190,
    4191,
    4195,
    4196,
    4197,
    4198,
    4201,
    4202,
    4207,
    4208,
    4209,
    4210,
    4213,
    4214,
    4217,
    4218,
    4219,
    4226,
    4227,
    4228,
    4229,
    4230,
    4231,
    4232,
    4235,
    4236,
    4239,
    4240,
    4241,
    4249,
    4250,
    4254,
    4255,
    4256,
    4261,
    4262,
    4263,
    4264,
    4265,
    4266,
    4267,
    4268,
    4269,
    4270,
    4271,
    4272,
    4273,
    4274,
    4281,
    4282,
    4285,
    4286,
    4287,
    4293,
    4294,
    4299,
    4300,
    4304,
    4305,
    4306,
    4307,
    4314,
    4315,
    4316,
    4317,
    4318,
    4319,
    4320,
    4324,
    4325,
    4328,
    4329,
    4333,
    4334,
    4335,
    4336,
    4345,
    4346,
    4347,
    4348,
    4353,
    4354,
    4355,
    4356,
    4359,
    4360,
    4361,
    4366,
    4367,
    4368,
    4369,
    4370,
    4371,
    4372,
    4375,
    4376,
    4377,
    4378,
    4379,
    4380,
    4381,
    4384,
    4385,
    4386,
    4390,
    4391,
    4395,
    4396,
    4397,
    4400,
    4401,
    4402,
    4403,
    4404,
    4405,
    4409,
    4410,
    4411,
    4414,
    4415,
    4416,
    4417,
    4422,
    4423,
    4424,
    4427,
    4428,
    4429,
    4430,
    4431,
    4432,
    4433,
    4434,
    4435,
    4436,
    4441,
    4442,
    4443,
    4444,
    4445,
    4446,
    4447,
    4451,
    4452,
    4453,
    4454,
    4459,
    4460,
    4461,
    4462,
    4466,
    4467,
    4475,
    4476,
    4477,
    4478,
    4479,
    4480,
    4481,
    4485,
    4486,
    4487,
    4490,
    4491,
    4492,
    4496,
    4497,
    4498,
    4503,
    4504,
    4505,
    4506,
    4507,
    4508,
    4509,
    4510,
    4511,
    4515,
    4516,
    4517,
    4518,
    4521,
    4522,
    4525,
    4526,
    4527,
    4530,
    4531,
    4532,
    4533,
    4538,
    4539,
    4547,
    4548,
    4549,
    4550,
    4554,
    4555,
    4556,
    4557,
    4558,
    4559,
    4560,
    4563,
    4564,
    4565,
    4566,
    4569,
    4570,
    4574,
    4575,
    4576,
    4577
  ],
  "manager": 0,
  "address": {
    "address": "47 MySakila Drive",
    "address2": "\\N",
    "district": "Alberta",
    "postal_code": "",
    "phone": "",
    "last_update": "2014-09-25 22:30:27",
    "country": "Canada",
    "city": "Lethbridge"
  }
},{
  "_id": {
    "$oid": "6441784e6d0e388a921f33a1"
  },
  "store_id": 2,
  "staff": [
    {
      "address": {
        "address": "1411 Lillydale Drive",
        "address2": "\\N",
        "district": "QLD",
        "postal_code": "",
        "phone": {
          "$numberLong": "6172235589"
        },
        "last_update": "2014-09-25 22:30:09",
        "country": "Australia",
        "city": "Woodridge"
      },
      "staff_id": 2,
      "first_name": "Jon",
      "last_name": "Stephens",
      "email": "Jon.Stephens@sakilastaff.com",
      "username": "Jon",
      "password": "\\N",
      "last_update": "2006-02-15 03:57:16"
    }
  ],
  "inventory": [
    5,
    6,
    7,
    8,
    9,
    10,
    11,
    12,
    13,
    14,
    15,
    20,
    21,
    22,
    23,
    24,
    25,
    29,
    30,
    31,
    34,
    35,
    36,
    37,
    38,
    39,
    40,
    44,
    45,
    50,
    51,
    52,
    57,
    58,
    59,
    63,
    64,
    65,
    66,
    67,
    68,
    69,
    70,
    73,
    74,
    75,
    76,
    79,
    80,
    84,
    85,
    86,
    90,
    91,
    92,
    97,
    98,
    104,
    105,
    106,
    107,
    112,
    113,
    114,
    118,
    119,
    128,
    129,
    132,
    133,
    134,
    150,
    151,
    152,
    153,
    154,
    155,
    156,
    157,
    158,
    159,
    164,
    165,
    166,
    171,
    172,
    173,
    177,
    178,
    179,
    180,
    181,
    182,
    183,
    184,
    185,
    186,
    187,
    188,
    192,
    193,
    194,
    195,
    198,
    199,
    200,
    205,
    206,
    207,
    208,
    209,
    210,
    211,
    214,
    215,
    219,
    220,
    221,
    225,
    226,
    229,
    230,
    231,
    232,
    233,
    234,
    240,
    241,
    246,
    247,
    251,
    252,
    257,
    258,
    259,
    260,
    261,
    262,
    263,
    267,
    268,
    276,
    277,
    278,
    279,
    282,
    283,
    284,
    285,
    286,
    287,
    288,
    289,
    290,
    296,
    297,
    298,
    299,
    302,
    303,
    308,
    309,
    310,
    311,
    314,
    315,
    316,
    317,
    318,
    319,
    324,
    325,
    330,
    331,
    332,
    333,
    337,
    338,
    339,
    340,
    341,
    349,
    350,
    354,
    355,
    356,
    357,
    361,
    362,
    363,
    377,
    378,
    383,
    384,
    385,
    386,
    391,
    392,
    393,
    394,
    395,
    396,
    397,
    398,
    402,
    403,
    404,
    408,
    409,
    410,
    415,
    416,
    417,
    418,
    421,
    422,
    423,
    424,
    425,
    430,
    431,
    432,
    440,
    441,
    448,
    449,
    450,
    455,
    456,
    461,
    462,
    463,
    464,
    469,
    470,
    471,
    472,
    473,
    474,
    475,
    478,
    479,
    480,
    483,
    484,
    489,
    490,
    491,
    492,
    497,
    498,
    499,
    500,
    505,
    506,
    507,
    508,
    509,
    510,
    511,
    516,
    517,
    518,
    522,
    523,
    524,
    525,
    528,
    529,
    530,
    531,
    536,
    537,
    542,
    543,
    547,
    548,
    549,
    550,
    557,
    558,
    559,
    564,
    565,
    566,
    569,
    570,
    571,
    572,
    573,
    574,
    575,
    576,
    577,
    578,
    579,
    584,
    585,
    586,
    587,
    591,
    592,
    593,
    596,
    597,
    598,
    599,
    604,
    605,
    610,
    611,
    614,
    615,
    616,
    617,
    618,
    622,
    623,
    624,
    625,
    629,
    630,
    631,
    632,
    635,
    636,
    637,
    642,
    643,
    646,
    647,
    648,
    652,
    653,
    657,
    658,
    663,
    664,
    665,
    666,
    667,
    668,
    675,
    676,
    677,
    681,
    682,
    683,
    686,
    687,
    688,
    689,
    692,
    693,
    705,
    706,
    707,
    708,
    711,
    712,
    713,
    714,
    715,
    716,
    717,
    718,
    721,
    722,
    723,
    728,
    729,
    730,
    733,
    734,
    735,
    741,
    742,
    743,
    744,
    745,
    746,
    747,
    750,
    751,
    752,
    756,
    757,
    762,
    763,
    768,
    769,
    770,
    775,
    776,
    779,
    780,
    781,
    782,
    787,
    788,
    789,
    793,
    794,
    799,
    800,
    801,
    802,
    805,
    806,
    807,
    810,
    811,
    812,
    813,
    814,
    815,
    816,
    823,
    824,
    828,
    829,
    830,
    831,
    837,
    838,
    839,
    842,
    843,
    844,
    849,
    850,
    851,
    852,
    853,
    859,
    860,
    861,
    862,
    863,
    864,
    865,
    866,
    870,
    871,
    872,
    877,
    878,
    879,
    880,
    883,
    884,
    893,
    894,
    895,
    896,
    901,
    902,
    903,
    904,
    912,
    913,
    914,
    915,
    920,
    921,
    930,
    931,
    932,
    933,
    945,
    946,
    947,
    953,
    954,
    959,
    960,
    961,
    962,
    966,
    967,
    968,
    971,
    972,
    973,
    978,
    979,
    980,
    989,
    990,
    991,
    992,
    995,
    996,
    997,
    998,
    999,
    1000,
    1008,
    1009,
    1010,
    1014,
    1015,
    1019,
    1020,
    1021,
    1022,
    1025,
    1026,
    1033,
    1034,
    1035,
    1036,
    1040,
    1041,
    1046,
    1047,
    1052,
    1053,
    1054,
    1057,
    1058,
    1059,
    1060,
    1061,
    1062,
    1063,
    1064,
    1073,
    1074,
    1075,
    1076,
    1077,
    1078,
    1079,
    1086,
    1087,
    1088,
    1091,
    1092,
    1093,
    1094,
    1099,
    1100,
    1101,
    1105,
    1106,
    1107,
    1108,
    1109,
    1110,
    1111,
    1115,
    1116,
    1117,
    1118,
    1119,
    1120,
    1123,
    1124,
    1125,
    1126,
    1127,
    1128,
    1129,
    1130,
    1133,
    1134,
    1135,
    1139,
    1140,
    1141,
    1146,
    1147,
    1150,
    1151,
    1152,
    1157,
    1158,
    1159,
    1160,
    1161,
    1162,
    1163,
    1164,
    1165,
    1166,
    1167,
    1168,
    1171,
    1172,
    1173,
    1174,
    1177,
    1178,
    1183,
    1184,
    1185,
    1186,
    1187,
    1196,
    1197,
    1198,
    1199,
    1204,
    1205,
    1206,
    1207,
    1210,
    1211,
    1212,
    1213,
    1217,
    1218,
    1219,
    1220,
    1224,
    1225,
    1234,
    1235,
    1236,
    1240,
    1241,
    1242,
    1243,
    1247,
    1248,
    1264,
    1265,
    1268,
    1269,
    1270,
    1271,
    1275,
    1276,
    1277,
    1284,
    1285,
    1286,
    1287,
    1291,
    1292,
    1293,
    1294,
    1297,
    1298,
    1299,
    1302,
    1303,
    1306,
    1307,
    1308,
    1309,
    1322,
    1323,
    1324,
    1327,
    1328,
    1329,
    1332,
    1333,
    1334,
    1339,
    1340,
    1341,
    1342,
    1347,
    1348,
    1351,
    1352,
    1353,
    1360,
    1361,
    1362,
    1363,
    1368,
    1369,
    1370,
    1371,
    1374,
    1375,
    1376,
    1377,
    1382,
    1383,
    1388,
    1389,
    1394,
    1395,
    1396,
    1403,
    1404,
    1405,
    1408,
    1409,
    1412,
    1413,
    1414,
    1415,
    1421,
    1422,
    1423,
    1424,
    1425,
    1426,
    1427,
    1432,
    1433,
    1436,
    1437,
    1438,
    1439,
    1440,
    1441,
    1442,
    1443,
    1444,
    1449,
    1450,
    1451,
    1455,
    1456,
    1457,
    1458,
    1462,
    1463,
    1464,
    1465,
    1474,
    1475,
    1476,
    1477,
    1478,
    1479,
    1483,
    1484,
    1487,
    1488,
    1489,
    1490,
    1495,
    1496,
    1497,
    1498,
    1499,
    1500,
    1504,
    1505,
    1506,
    1511,
    1512,
    1513,
    1518,
    1519,
    1520,
    1521,
    1524,
    1525,
    1528,
    1529,
    1530,
    1531,
    1537,
    1538,
    1541,
    1542,
    1543,
    1544,
    1545,
    1546,
    1547,
    1548,
    1555,
    1556,
    1557,
    1558,
    1568,
    1569,
    1573,
    1574,
    1577,
    1578,
    1579,
    1580,
    1585,
    1586,
    1587,
    1588,
    1593,
    1594,
    1595,
    1600,
    1601,
    1602,
    1603,
    1607,
    1608,
    1609,
    1610,
    1611,
    1612,
    1613,
    1616,
    1617,
    1618,
    1619,
    1623,
    1624,
    1625,
    1626,
    1631,
    1632,
    1633,
    1634,
    1635,
    1636,
    1637,
    1638,
    1643,
    1644,
    1645,
    1646,
    1655,
    1656,
    1657,
    1658,
    1664,
    1665,
    1666,
    1672,
    1673,
    1678,
    1679,
    1680,
    1685,
    1686,
    1687,
    1694,
    1695,
    1696,
    1697,
    1701,
    1702,
    1711,
    1712,
    1716,
    1717,
    1718,
    1719,
    1726,
    1727,
    1728,
    1732,
    1733,
    1734,
    1739,
    1740,
    1741,
    1742,
    1743,
    1744,
    1745,
    1746,
    1749,
    1750,
    1751,
    1754,
    1755,
    1756,
    1761,
    1762,
    1763,
    1764,
    1768,
    1769,
    1770,
    1771,
    1772,
    1775,
    1776,
    1777,
    1781,
    1782,
    1783,
    1787,
    1788,
    1789,
    1792,
    1793,
    1801,
    1802,
    1803,
    1808,
    1809,
    1819,
    1820,
    1821,
    1822,
    1823,
    1824,
    1825,
    1829,
    1830,
    1831,
    1832,
    1833,
    1834,
    1835,
    1836,
    1837,
    1838,
    1846,
    1847,
    1848,
    1853,
    1854,
    1855,
    1856,
    1857,
    1858,
    1861,
    1862,
    1863,
    1864,
    1871,
    1872,
    1873,
    1878,
    1879,
    1880,
    1884,
    1885,
    1892,
    1893,
    1894,
    1895,
    1902,
    1903,
    1904,
    1908,
    1909,
    1910,
    1913,
    1914,
    1915,
    1916,
    1921,
    1922,
    1927,
    1928,
    1929,
    1930,
    1933,
    1934,
    1935,
    1936,
    1937,
    1938,
    1939,
    1940,
    1941,
    1944,
    1945,
    1949,
    1950,
    1951,
    1952,
    1953,
    1954,
    1955,
    1964,
    1965,
    1968,
    1969,
    1970,
    1971,
    1972,
    1973,
    1974,
    1975,
    1976,
    1977,
    1978,
    1982,
    1983,
    1988,
    1989,
    1994,
    1995,
    1996,
    1997,
    2003,
    2004,
    2005,
    2008,
    2009,
    2010,
    2011,
    2014,
    2015,
    2016,
    2021,
    2022,
    2025,
    2026,
    2035,
    2036,
    2037,
    2038,
    2043,
    2044,
    2045,
    2046,
    2050,
    2051,
    2052,
    2055,
    2056,
    2061,
    2062,
    2063,
    2066,
    2067,
    2068,
    2069,
    2070,
    2071,
    2072,
    2076,
    2077,
    2078,
    2079,
    2082,
    2083,
    2084,
    2085,
    2086,
    2087,
    2088,
    2092,
    2093,
    2102,
    2103,
    2104,
    2105,
    2108,
    2109,
    2110,
    2111,
    2114,
    2115,
    2116,
    2117,
    2118,
    2119,
    2124,
    2125,
    2126,
    2127,
    2130,
    2131,
    2132,
    2133,
    2136,
    2137,
    2138,
    2142,
    2143,
    2148,
    2149,
    2150,
    2153,
    2154,
    2155,
    2162,
    2163,
    2164,
    2169,
    2170,
    2171,
    2172,
    2173,
    2174,
    2175,
    2181,
    2182,
    2183,
    2184,
    2185,
    2186,
    2189,
    2190,
    2191,
    2192,
    2193,
    2194,
    2195,
    2196,
    2197,
    2201,
    2202,
    2203,
    2204,
    2205,
    2206,
    2207,
    2210,
    2211,
    2212,
    2215,
    2216,
    2217,
    2220,
    2221,
    2225,
    2226,
    2227,
    2234,
    2235,
    2240,
    2241,
    2242,
    2243,
    2244,
    2245,
    2250,
    2251,
    2252,
    2253,
    2254,
    2257,
    2258,
    2259,
    2264,
    2265,
    2266,
    2267,
    2272,
    2273,
    2274,
    2275,
    2278,
    2279,
    2280,
    2285,
    2286,
    2289,
    2290,
    2291,
    2300,
    2301,
    2302,
    2303,
    2307,
    2308,
    2313,
    2314,
    2315,
    2323,
    2324,
    2325,
    2326,
    2327,
    2328,
    2333,
    2334,
    2335,
    2336,
    2337,
    2338,
    2339,
    2340,
    2341,
    2342,
    2349,
    2350,
    2351,
    2354,
    2355,
    2356,
    2357,
    2358,
    2359,
    2362,
    2363,
    2364,
    2365,
    2366,
    2367,
    2368,
    2369,
    2370,
    2371,
    2372,
    2375,
    2376,
    2377,
    2378,
    2379,
    2380,
    2381,
    2382,
    2389,
    2390,
    2391,
    2392,
    2393,
    2398,
    2399,
    2400,
    2401,
    2406,
    2407,
    2408,
    2409,
    2410,
    2411,
    2412,
    2413,
    2416,
    2417,
    2418,
    2419,
    2434,
    2435,
    2436,
    2437,
    2438,
    2439,
    2440,
    2441,
    2447,
    2448,
    2449,
    2457,
    2458,
    2459,
    2460,
    2461,
    2462,
    2463,
    2464,
    2470,
    2471,
    2476,
    2477,
    2482,
    2483,
    2488,
    2489,
    2490,
    2491,
    2492,
    2493,
    2494,
    2495,
    2500,
    2501,
    2508,
    2509,
    2510,
    2511,
    2512,
    2513,
    2514,
    2515,
    2516,
    2517,
    2522,
    2523,
    2524,
    2528,
    2529,
    2530,
    2531,
    2535,
    2536,
    2537,
    2538,
    2541,
    2542,
    2543,
    2544,
    2545,
    2550,
    2551,
    2552,
    2553,
    2557,
    2558,
    2567,
    2568,
    2573,
    2574,
    2575,
    2576,
    2577,
    2578,
    2585,
    2586,
    2589,
    2590,
    2595,
    2596,
    2597,
    2600,
    2601,
    2602,
    2603,
    2608,
    2609,
    2610,
    2611,
    2618,
    2619,
    2620,
    2623,
    2624,
    2625,
    2626,
    2627,
    2628,
    2629,
    2635,
    2636,
    2637,
    2642,
    2643,
    2644,
    2649,
    2650,
    2654,
    2655,
    2659,
    2660,
    2663,
    2664,
    2665,
    2666,
    2671,
    2672,
    2673,
    2674,
    2678,
    2679,
    2680,
    2681,
    2682,
    2683,
    2684,
    2685,
    2689,
    2690,
    2691,
    2692,
    2693,
    2694,
    2695,
    2698,
    2699,
    2700,
    2701,
    2702,
    2703,
    2711,
    2712,
    2713,
    2714,
    2717,
    2718,
    2719,
    2720,
    2721,
    2722,
    2723,
    2724,
    2732,
    2733,
    2736,
    2737,
    2741,
    2742,
    2745,
    2746,
    2747,
    2752,
    2753,
    2754,
    2755,
    2756,
    2757,
    2758,
    2761,
    2762,
    2763,
    2764,
    2767,
    2768,
    2769,
    2770,
    2775,
    2776,
    2777,
    2778,
    2781,
    2782,
    2783,
    2788,
    2789,
    2790,
    2791,
    2797,
    2798,
    2799,
    2800,
    2801,
    2802,
    2803,
    2806,
    2807,
    2808,
    2809,
    2813,
    2814,
    2815,
    2816,
    2819,
    2820,
    2821,
    2822,
    2825,
    2826,
    2827,
    2832,
    2833,
    2834,
    2835,
    2836,
    2837,
    2840,
    2841,
    2842,
    2846,
    2847,
    2848,
    2849,
    2853,
    2854,
    2855,
    2856,
    2857,
    2858,
    2859,
    2860,
    2861,
    2862,
    2863,
    2867,
    2868,
    2869,
    2870,
    2871,
    2872,
    2873,
    2874,
    2875,
    2879,
    2880,
    2884,
    2885,
    2886,
    2887,
    2888,
    2889,
    2890,
    2891,
    2892,
    2898,
    2899,
    2900,
    2905,
    2906,
    2907,
    2908,
    2909,
    2910,
    2911,
    2912,
    2913,
    2914,
    2918,
    2919,
    2920,
    2921,
    2925,
    2926,
    2927,
    2931,
    2932,
    2933,
    2934,
    2938,
    2939,
    2940,
    2944,
    2945,
    2949,
    2950,
    2951,
    2956,
    2957,
    2960,
    2961,
    2962,
    2963,
    2966,
    2967,
    2968,
    2969,
    2972,
    2973,
    2974,
    2975,
    2984,
    2985,
    2989,
    2990,
    2991,
    2992,
    2993,
    2998,
    2999,
    3000,
    3001,
    3002,
    3003,
    3004,
    3005,
    3008,
    3009,
    3016,
    3017,
    3021,
    3022,
    3025,
    3026,
    3027,
    3032,
    3033,
    3034,
    3038,
    3039,
    3042,
    3043,
    3046,
    3047,
    3048,
    3053,
    3054,
    3055,
    3058,
    3059,
    3060,
    3061,
    3064,
    3065,
    3073,
    3074,
    3075,
    3076,
    3080,
    3081,
    3082,
    3083,
    3090,
    3091,
    3094,
    3095,
    3096,
    3097,
    3101,
    3102,
    3103,
    3111,
    3112,
    3113,
    3114,
    3115,
    3116,
    3117,
    3118,
    3126,
    3127,
    3128,
    3129,
    3130,
    3131,
    3132,
    3133,
    3138,
    3139,
    3144,
    3145,
    3149,
    3150,
    3151,
    3152,
    3153,
    3156,
    3157,
    3158,
    3163,
    3164,
    3169,
    3170,
    3171,
    3176,
    3177,
    3178,
    3179,
    3184,
    3185,
    3186,
    3189,
    3190,
    3191,
    3196,
    3197,
    3198,
    3199,
    3200,
    3201,
    3204,
    3205,
    3206,
    3213,
    3214,
    3215,
    3216,
    3219,
    3220,
    3221,
    3222,
    3225,
    3226,
    3229,
    3230,
    3231,
    3232,
    3237,
    3238,
    3239,
    3240,
    3241,
    3242,
    3243,
    3244,
    3245,
    3250,
    3251,
    3252,
    3255,
    3256,
    3257,
    3260,
    3261,
    3262,
    3263,
    3269,
    3270,
    3271,
    3272,
    3277,
    3278,
    3283,
    3284,
    3285,
    3288,
    3289,
    3290,
    3291,
    3295,
    3296,
    3297,
    3298,
    3299,
    3300,
    3303,
    3304,
    3305,
    3309,
    3310,
    3311,
    3312,
    3313,
    3314,
    3319,
    3320,
    3321,
    3322,
    3323,
    3324,
    3325,
    3334,
    3335,
    3336,
    3339,
    3340,
    3341,
    3342,
    3346,
    3347,
    3348,
    3349,
    3356,
    3357,
    3358,
    3359,
    3364,
    3365,
    3366,
    3367,
    3370,
    3371,
    3372,
    3373,
    3374,
    3375,
    3380,
    3381,
    3384,
    3385,
    3386,
    3387,
    3390,
    3391,
    3392,
    3397,
    3398,
    3399,
    3400,
    3403,
    3404,
    3405,
    3408,
    3409,
    3410,
    3415,
    3416,
    3417,
    3418,
    3421,
    3422,
    3426,
    3427,
    3428,
    3429,
    3430,
    3435,
    3436,
    3437,
    3438,
    3439,
    3440,
    3445,
    3446,
    3447,
    3448,
    3449,
    3450,
    3454,
    3455,
    3456,
    3457,
    3458,
    3461,
    3462,
    3463,
    3464,
    3468,
    3469,
    3470,
    3471,
    3472,
    3473,
    3474,
    3475,
    3476,
    3477,
    3478,
    3482,
    3483,
    3488,
    3489,
    3490,
    3491,
    3503,
    3504,
    3505,
    3506,
    3510,
    3511,
    3512,
    3513,
    3514,
    3515,
    3516,
    3517,
    3521,
    3522,
    3523,
    3524,
    3529,
    3530,
    3535,
    3536,
    3537,
    3538,
    3546,
    3547,
    3550,
    3551,
    3552,
    3556,
    3557,
    3558,
    3563,
    3564,
    3565,
    3566,
    3567,
    3568,
    3569,
    3570,
    3571,
    3575,
    3576,
    3577,
    3585,
    3586,
    3587,
    3592,
    3593,
    3597,
    3598,
    3599,
    3600,
    3606,
    3607,
    3612,
    3613,
    3614,
    3615,
    3620,
    3621,
    3622,
    3625,
    3626,
    3627,
    3628,
    3629,
    3630,
    3631,
    3638,
    3639,
    3646,
    3647,
    3648,
    3651,
    3652,
    3653,
    3656,
    3657,
    3662,
    3663,
    3664,
    3665,
    3670,
    3671,
    3676,
    3677,
    3678,
    3681,
    3682,
    3683,
    3687,
    3688,
    3692,
    3693,
    3694,
    3695,
    3696,
    3697,
    3698,
    3699,
    3704,
    3705,
    3706,
    3713,
    3714,
    3715,
    3716,
    3717,
    3718,
    3719,
    3723,
    3724,
    3725,
    3726,
    3734,
    3735,
    3736,
    3742,
    3743,
    3751,
    3752,
    3753,
    3754,
    3755,
    3756,
    3757,
    3758,
    3762,
    3763,
    3764,
    3765,
    3766,
    3767,
    3768,
    3769,
    3773,
    3774,
    3777,
    3778,
    3779,
    3780,
    3781,
    3782,
    3783,
    3784,
    3787,
    3788,
    3789,
    3790,
    3791,
    3792,
    3793,
    3804,
    3805,
    3806,
    3807,
    3808,
    3809,
    3810,
    3815,
    3816,
    3817,
    3818,
    3822,
    3823,
    3824,
    3827,
    3828,
    3829,
    3830,
    3831,
    3832,
    3840,
    3841,
    3842,
    3843,
    3846,
    3847,
    3852,
    3853,
    3854,
    3857,
    3858,
    3863,
    3864,
    3865,
    3870,
    3871,
    3872,
    3873,
    3874,
    3875,
    3876,
    3877,
    3885,
    3886,
    3887,
    3888,
    3892,
    3893,
    3894,
    3895,
    3899,
    3900,
    3901,
    3906,
    3907,
    3908,
    3912,
    3913,
    3914,
    3915,
    3918,
    3919,
    3924,
    3925,
    3926,
    3927,
    3931,
    3932,
    3933,
    3934,
    3935,
    3936,
    3937,
    3938,
    3942,
    3943,
    3944,
    3948,
    3949,
    3950,
    3954,
    3955,
    3960,
    3961,
    3962,
    3967,
    3968,
    3973,
    3974,
    3975,
    3976,
    3988,
    3989,
    3990,
    3995,
    3996,
    3997,
    3998,
    4001,
    4002,
    4003,
    4004,
    4005,
    4006,
    4011,
    4012,
    4013,
    4014,
    4018,
    4019,
    4020,
    4021,
    4027,
    4028,
    4029,
    4030,
    4031,
    4032,
    4037,
    4038,
    4039,
    4044,
    4045,
    4046,
    4047,
    4048,
    4049,
    4050,
    4051,
    4056,
    4057,
    4058,
    4059,
    4060,
    4071,
    4072,
    4083,
    4084,
    4085,
    4086,
    4090,
    4091,
    4092,
    4093,
    4097,
    4098,
    4099,
    4100,
    4105,
    4106,
    4107,
    4108,
    4112,
    4113,
    4118,
    4119,
    4120,
    4123,
    4124,
    4129,
    4130,
    4131,
    4132,
    4136,
    4137,
    4143,
    4144,
    4149,
    4150,
    4151,
    4156,
    4157,
    4158,
    4159,
    4160,
    4168,
    4169,
    4170,
    4177,
    4178,
    4179,
    4180,
    4185,
    4186,
    4187,
    4188,
    4192,
    4193,
    4194,
    4199,
    4200,
    4203,
    4204,
    4205,
    4206,
    4211,
    4212,
    4215,
    4216,
    4220,
    4221,
    4222,
    4223,
    4224,
    4225,
    4233,
    4234,
    4237,
    4238,
    4242,
    4243,
    4244,
    4245,
    4246,
    4247,
    4248,
    4251,
    4252,
    4253,
    4257,
    4258,
    4259,
    4260,
    4275,
    4276,
    4277,
    4278,
    4279,
    4280,
    4283,
    4284,
    4288,
    4289,
    4290,
    4291,
    4292,
    4295,
    4296,
    4297,
    4298,
    4301,
    4302,
    4303,
    4308,
    4309,
    4310,
    4311,
    4312,
    4313,
    4321,
    4322,
    4323,
    4326,
    4327,
    4330,
    4331,
    4332,
    4337,
    4338,
    4339,
    4340,
    4341,
    4342,
    4343,
    4344,
    4349,
    4350,
    4351,
    4352,
    4357,
    4358,
    4362,
    4363,
    4364,
    4365,
    4373,
    4374,
    4382,
    4383,
    4387,
    4388,
    4389,
    4392,
    4393,
    4394,
    4398,
    4399,
    4406,
    4407,
    4408,
    4412,
    4413,
    4418,
    4419,
    4420,
    4421,
    4425,
    4426,
    4437,
    4438,
    4439,
    4440,
    4448,
    4449,
    4450,
    4455,
    4456,
    4457,
    4458,
    4463,
    4464,
    4465,
    4468,
    4469,
    4470,
    4471,
    4472,
    4473,
    4474,
    4482,
    4483,
    4484,
    4488,
    4489,
    4493,
    4494,
    4495,
    4499,
    4500,
    4501,
    4502,
    4512,
    4513,
    4514,
    4519,
    4520,
    4523,
    4524,
    4528,
    4529,
    4534,
    4535,
    4536,
    4537,
    4540,
    4541,
    4542,
    4543,
    4544,
    4545,
    4546,
    4551,
    4552,
    4553,
    4561,
    4562,
    4567,
    4568,
    4571,
    4572,
    4573,
    4578,
    4579,
    4580,
    4581
  ],
  "manager": 0,
  "address": {
    "address": "28 MySQL Boulevard",
    "address2": "\\N",
    "district": "QLD",
    "postal_code": "",
    "phone": "",
    "last_update": "2014-09-25 22:30:09",
    "country": "Australia",
    "city": "Woodridge"
  }
}]